[{"description": "GrupoA", "courseid": "group-5", "default": false, "tutors": [], "_id": {"$oid": "5d15a64d9bfc393c23482de1"}, "groups": [{"size": 15, "students": ["gutierrez.santiago", "kevin.david.rodriguez", "mateo.obando", "daniel.andres.mora"]}, {"size": 7, "students": ["lasso.julian", "salamanca.julian", "santiago.barreneche", "armando.ruiz", "andres.galvis", "kelly.caranguay", "sebastian.torijano"]}], "students": ["andres.cortez", "dorian.ochoa", "edwinleonardo66", "jenny.hernandez", "vasquez.jhon", "joan.rosero", "juan.quenguan.paulo.loaiza", "kevin.tobar", "laura.bueno", "lina.guamanga", "parra.manuel", "carlos.hidalgo", "navia.sergio", "sergio.romero", "gutierrez.santiago", "kevin.david.rodriguez", "mateo.obando", "daniel.andres.mora", "lasso.julian", "salamanca.julian", "santiago.barreneche", "armando.ruiz", "andres.galvis", "kelly.caranguay", "sebastian.torijano"]}]