[{"courseid": "group-5", "status": "error", "submitted_on": {"$date": 1561724482701}, "text": "Internal error. Server restarted", "_id": {"$oid": "5d1606429bfc393c23482de6"}, "input": {"$oid": "5d1606429bfc393c23482de4"}, "username": ["sebastian.torijano"], "response_type": "rst", "grade": 0.0, "taskid": "jpn1"}, {"courseid": "group-5", "submitted_on": {"$date": 1561725866274}, "result": "failed", "_id": {"$oid": "5d160baa3ed93c61671ac85c"}, "input": {"$oid": "5d160baa3ed93c61671ac85a"}, "username": ["kevin.david.rodriguez"], "custom": {"custom_summary_result": "COMPILATION_ERROR", "custom_additional_info": "{\"compilation_output\": \"make: *** No targets specified and no makefile found.  Stop.\\n\"}"}, "archive": {"$oid": "5d160bab3ed93c61671ac85d"}, "stdout": "", "status": "done", "problems": {}, "stderr": "", "text": "**Compilation error**:\n\n\n\n.. raw:: html\n\n\t<pre>make: *** No targets specified and no makefile found.  Stop.\n\t</pre>\n\n", "taskid": "warmup", "response_type": "rst", "grade": 0.0, "tests": {}}, {"courseid": "group-5", "submitted_on": {"$date": 1561726182892}, "result": "failed", "_id": {"$oid": "5d160ce63ed93c61671ac861"}, "input": {"$oid": "5d160ce63ed93c61671ac85f"}, "username": ["santiago.barreneche"], "custom": {"custom_summary_result": "WRONG_ANSWER", "custom_additional_info": "{\"files_feedback\": {\"1.in\": {\"return_code\": 0, \"diff\": \"@@ -1,11 +1,11 @@\\n\\n-1  2  3  4  5  6  7  8  9  10 \\n-2  4  6  8  10 12 14 16 18 20 \\n-3  6  9  12 15 18 21 24 27 30 \\n-4  8  12 16 20 24 28 32 36 40 \\n-5  10 15 20 25 30 35 40 45 50 \\n-6  12 18 24 30 36 42 48 54 60 \\n-7  14 21 28 35 42 49 56 63 70 \\n-8  16 24 32 40 48 56 64 72 80 \\n-9  18 27 36 45 54 63 72 81 90 \\n-10 20 30 40 50 60 70 80 90 100 \\n+1\\t2\\t3\\t4\\t5\\t6\\t7\\t8\\t9\\t10\\t\\n+2\\t4\\t6\\t8\\t10\\t12\\t14\\t16\\t18\\t20\\t\\n+3\\t6\\t9\\t12\\t15\\t18\\t21\\t24\\t27\\t30\\t\\n+4\\t8\\t12\\t16\\t20\\t24\\t28\\t32\\t36\\t40\\t\\n+5\\t10\\t15\\t20\\t25\\t30\\t35\\t40\\t45\\t50\\t\\n+6\\t12\\t18\\t24\\t30\\t36\\t42\\t48\\t54\\t60\\t\\n+7\\t14\\t21\\t28\\t35\\t42\\t49\\t56\\t63\\t70\\t\\n+8\\t16\\t24\\t32\\t40\\t48\\t56\\t64\\t72\\t80\\t\\n+9\\t18\\t27\\t36\\t45\\t54\\t63\\t72\\t81\\t90\\t\\n+10\\t20\\t30\\t40\\t50\\t60\\t70\\t80\\t90\\t100\\t\\n \", \"input_file\": \"1.in\", \"stdout\": \"1\\t2\\t3\\t4\\t5\\t6\\t7\\t8\\t9\\t10\\t\\n2\\t4\\t6\\t8\\t10\\t12\\t14\\t16\\t18\\t20\\t\\n3\\t6\\t9\\t12\\t15\\t18\\t21\\t24\\t27\\t30\\t\\n4\\t8\\t12\\t16\\t20\\t24\\t28\\t32\\t36\\t40\\t\\n5\\t10\\t15\\t20\\t25\\t30\\t35\\t40\\t45\\t50\\t\\n6\\t12\\t18\\t24\\t30\\t36\\t42\\t48\\t54\\t60\\t\\n7\\t14\\t21\\t28\\t35\\t42\\t49\\t56\\t63\\t70\\t\\n8\\t16\\t24\\t32\\t40\\t48\\t56\\t64\\t72\\t80\\t\\n9\\t18\\t27\\t36\\t45\\t54\\t63\\t72\\t81\\t90\\t\\n10\\t20\\t30\\t40\\t50\\t60\\t70\\t80\\t90\\t100\\t\\n\", \"stderr\": \"\"}}}"}, "archive": {"$oid": "5d160ce93ed93c61671ac862"}, "stdout": "", "status": "done", "problems": {}, "stderr": "", "text": "- **Test 1: WRONG_ANSWER**", "taskid": "warmup", "response_type": "rst", "grade": 0.0, "tests": {}}, {"courseid": "group-5", "submitted_on": {"$date": 1561726206093}, "result": "failed", "_id": {"$oid": "5d160cfe3ed93c61671ac866"}, "input": {"$oid": "5d160cfe3ed93c61671ac864"}, "username": ["andres.galvis"], "custom": {"custom_summary_result": "COMPILATION_ERROR", "custom_additional_info": "{\"compilation_output\": \"main.cpp:2:19: fatal error: tabla.h: No such file or directory\\n #include <tabla.h>\\n                   ^\\ncompilation terminated.\\nmake: *** [build] Error 1\\n\"}"}, "archive": {"$oid": "5d160d003ed93c61671ac867"}, "stdout": "", "status": "done", "problems": {}, "stderr": "", "text": "**Compilation error**:\n\n\n\n.. raw:: html\n\n\t<pre>main.cpp:2:19: fatal error: tabla.h: No such file or directory\n\t #include <tabla.h>\n\t                   ^\n\tcompilation terminated.\n\tmake: *** [build] Error 1\n\t</pre>\n\n", "taskid": "factor", "response_type": "rst", "grade": 0.0, "tests": {}}, {"courseid": "group-5", "submitted_on": {"$date": 1561726360643}, "result": "success", "_id": {"$oid": "5d160d983ed93c61671ac86b"}, "input": {"$oid": "5d160d983ed93c61671ac869"}, "username": ["gutierrez.santiago"], "custom": {"custom_summary_result": "ACCEPTED", "custom_additional_info": "{\"files_feedback\": {\"1.in\": {}}}"}, "archive": {"$oid": "5d160d9b3ed93c61671ac86c"}, "stdout": "", "status": "done", "problems": {}, "stderr": "", "text": "- **Test 1: ACCEPTED**", "taskid": "warmup", "response_type": "rst", "grade": 100.0, "tests": {}}, {"courseid": "group-5", "submitted_on": {"$date": 1561726420545}, "result": "failed", "_id": {"$oid": "5d160dd43ed93c61671ac870"}, "input": {"$oid": "5d160dd43ed93c61671ac86e"}, "username": ["santiago.barreneche"], "custom": {"custom_summary_result": "COMPILATION_ERROR", "custom_additional_info": "{\"compilation_output\": \"make: *** No targets specified and no makefile found.  Stop.\\n\"}"}, "archive": {"$oid": "5d160dd63ed93c61671ac871"}, "stdout": "", "status": "done", "problems": {}, "stderr": "", "text": "**Compilation error**:\n\n\n\n.. raw:: html\n\n\t<pre>make: *** No targets specified and no makefile found.  Stop.\n\t</pre>\n\n", "taskid": "warmup", "response_type": "rst", "grade": 0.0, "tests": {}}, {"courseid": "group-5", "submitted_on": {"$date": 1561726486995}, "result": "failed", "_id": {"$oid": "5d160e163ed93c61671ac875"}, "input": {"$oid": "5d160e163ed93c61671ac873"}, "username": ["santiago.barreneche"], "custom": {"custom_summary_result": "WRONG_ANSWER", "custom_additional_info": "{\"files_feedback\": {\"1.in\": {\"input_file\": \"1.in\", \"diff\": \"@@ -1,11 +1,11 @@\\n\\n-1  2  3  4  5  6  7  8  9  10 \\n-2  4  6  8  10 12 14 16 18 20 \\n-3  6  9  12 15 18 21 24 27 30 \\n-4  8  12 16 20 24 28 32 36 40 \\n-5  10 15 20 25 30 35 40 45 50 \\n-6  12 18 24 30 36 42 48 54 60 \\n-7  14 21 28 35 42 49 56 63 70 \\n-8  16 24 32 40 48 56 64 72 80 \\n-9  18 27 36 45 54 63 72 81 90 \\n-10 20 30 40 50 60 70 80 90 100 \\n+1\\t2\\t3\\t4\\t5\\t6\\t7\\t8\\t9\\t10\\t\\n+2\\t4\\t6\\t8\\t10\\t12\\t14\\t16\\t18\\t20\\t\\n+3\\t6\\t9\\t12\\t15\\t18\\t21\\t24\\t27\\t30\\t\\n+4\\t8\\t12\\t16\\t20\\t24\\t28\\t32\\t36\\t40\\t\\n+5\\t10\\t15\\t20\\t25\\t30\\t35\\t40\\t45\\t50\\t\\n+6\\t12\\t18\\t24\\t30\\t36\\t42\\t48\\t54\\t60\\t\\n+7\\t14\\t21\\t28\\t35\\t42\\t49\\t56\\t63\\t70\\t\\n+8\\t16\\t24\\t32\\t40\\t48\\t56\\t64\\t72\\t80\\t\\n+9\\t18\\t27\\t36\\t45\\t54\\t63\\t72\\t81\\t90\\t\\n+10\\t20\\t30\\t40\\t50\\t60\\t70\\t80\\t90\\t100\\t\\n \", \"stderr\": \"\", \"stdout\": \"1\\t2\\t3\\t4\\t5\\t6\\t7\\t8\\t9\\t10\\t\\n2\\t4\\t6\\t8\\t10\\t12\\t14\\t16\\t18\\t20\\t\\n3\\t6\\t9\\t12\\t15\\t18\\t21\\t24\\t27\\t30\\t\\n4\\t8\\t12\\t16\\t20\\t24\\t28\\t32\\t36\\t40\\t\\n5\\t10\\t15\\t20\\t25\\t30\\t35\\t40\\t45\\t50\\t\\n6\\t12\\t18\\t24\\t30\\t36\\t42\\t48\\t54\\t60\\t\\n7\\t14\\t21\\t28\\t35\\t42\\t49\\t56\\t63\\t70\\t\\n8\\t16\\t24\\t32\\t40\\t48\\t56\\t64\\t72\\t80\\t\\n9\\t18\\t27\\t36\\t45\\t54\\t63\\t72\\t81\\t90\\t\\n10\\t20\\t30\\t40\\t50\\t60\\t70\\t80\\t90\\t100\\t\\n\", \"return_code\": 0}}}"}, "archive": {"$oid": "5d160e193ed93c61671ac876"}, "stdout": "", "status": "done", "problems": {}, "stderr": "", "text": "- **Test 1: WRONG_ANSWER**", "taskid": "warmup", "response_type": "rst", "grade": 0.0, "tests": {}}, {"courseid": "group-5", "submitted_on": {"$date": 1561726543287}, "result": "failed", "_id": {"$oid": "5d160e4f3ed93c61671ac87a"}, "input": {"$oid": "5d160e4f3ed93c61671ac878"}, "username": ["andres.galvis"], "custom": {"custom_summary_result": "WRONG_ANSWER", "custom_additional_info": "{\"files_feedback\": {\"1.in\": {\"input_file\": \"1.in\", \"stdout\": \"\\n1\\t2\\t3\\t4\\t5\\t6\\t7\\t8\\t9\\t10\\t\\n2\\t4\\t6\\t8\\t10\\t12\\t14\\t16\\t18\\t20\\t\\n3\\t6\\t9\\t12\\t15\\t18\\t21\\t24\\t27\\t30\\t\\n4\\t8\\t12\\t16\\t20\\t24\\t28\\t32\\t36\\t40\\t\\n5\\t10\\t15\\t20\\t25\\t30\\t35\\t40\\t45\\t50\\t\\n6\\t12\\t18\\t24\\t30\\t36\\t42\\t48\\t54\\t60\\t\\n7\\t14\\t21\\t28\\t35\\t42\\t49\\t56\\t63\\t70\\t\\n8\\t16\\t24\\t32\\t40\\t48\\t56\\t64\\t72\\t80\\t\\n9\\t18\\t27\\t36\\t45\\t54\\t63\\t72\\t81\\t90\\t\\n10\\t20\\t30\\t40\\t50\\t60\\t70\\t80\\t90\\t100\\t\", \"diff\": \"@@ -1,2 +1,11 @@\\n\\n-3\\n \\n+1\\t2\\t3\\t4\\t5\\t6\\t7\\t8\\t9\\t10\\t\\n+2\\t4\\t6\\t8\\t10\\t12\\t14\\t16\\t18\\t20\\t\\n+3\\t6\\t9\\t12\\t15\\t18\\t21\\t24\\t27\\t30\\t\\n+4\\t8\\t12\\t16\\t20\\t24\\t28\\t32\\t36\\t40\\t\\n+5\\t10\\t15\\t20\\t25\\t30\\t35\\t40\\t45\\t50\\t\\n+6\\t12\\t18\\t24\\t30\\t36\\t42\\t48\\t54\\t60\\t\\n+7\\t14\\t21\\t28\\t35\\t42\\t49\\t56\\t63\\t70\\t\\n+8\\t16\\t24\\t32\\t40\\t48\\t56\\t64\\t72\\t80\\t\\n+9\\t18\\t27\\t36\\t45\\t54\\t63\\t72\\t81\\t90\\t\\n+10\\t20\\t30\\t40\\t50\\t60\\t70\\t80\\t90\\t100\\t\", \"stderr\": \"\", \"return_code\": 0}}}"}, "archive": {"$oid": "5d160e523ed93c61671ac87b"}, "stdout": "", "status": "done", "problems": {}, "stderr": "", "text": "- **Test 1: WRONG_ANSWER**", "taskid": "factor", "response_type": "rst", "grade": 0.0, "tests": {}}, {"courseid": "group-5", "submitted_on": {"$date": 1561726579049}, "result": "failed", "_id": {"$oid": "5d160e733ed93c61671ac87f"}, "input": {"$oid": "5d160e733ed93c61671ac87d"}, "username": ["andres.galvis"], "custom": {"custom_summary_result": "WRONG_ANSWER", "custom_additional_info": "{\"files_feedback\": {\"1.in\": {\"stderr\": \"\", \"stdout\": \"\\n1\\t2\\t3\\t4\\t5\\t6\\t7\\t8\\t9\\t10\\t\\n2\\t4\\t6\\t8\\t10\\t12\\t14\\t16\\t18\\t20\\t\\n3\\t6\\t9\\t12\\t15\\t18\\t21\\t24\\t27\\t30\\t\\n4\\t8\\t12\\t16\\t20\\t24\\t28\\t32\\t36\\t40\\t\\n5\\t10\\t15\\t20\\t25\\t30\\t35\\t40\\t45\\t50\\t\\n6\\t12\\t18\\t24\\t30\\t36\\t42\\t48\\t54\\t60\\t\\n7\\t14\\t21\\t28\\t35\\t42\\t49\\t56\\t63\\t70\\t\\n8\\t16\\t24\\t32\\t40\\t48\\t56\\t64\\t72\\t80\\t\\n9\\t18\\t27\\t36\\t45\\t54\\t63\\t72\\t81\\t90\\t\\n10\\t20\\t30\\t40\\t50\\t60\\t70\\t80\\t90\\t100\\t\", \"diff\": \"@@ -1,11 +1,11 @@\\n\\n-1  2  3  4  5  6  7  8  9  10 \\n-2  4  6  8  10 12 14 16 18 20 \\n-3  6  9  12 15 18 21 24 27 30 \\n-4  8  12 16 20 24 28 32 36 40 \\n-5  10 15 20 25 30 35 40 45 50 \\n-6  12 18 24 30 36 42 48 54 60 \\n-7  14 21 28 35 42 49 56 63 70 \\n-8  16 24 32 40 48 56 64 72 80 \\n-9  18 27 36 45 54 63 72 81 90 \\n-10 20 30 40 50 60 70 80 90 100 \\n \\n+1\\t2\\t3\\t4\\t5\\t6\\t7\\t8\\t9\\t10\\t\\n+2\\t4\\t6\\t8\\t10\\t12\\t14\\t16\\t18\\t20\\t\\n+3\\t6\\t9\\t12\\t15\\t18\\t21\\t24\\t27\\t30\\t\\n+4\\t8\\t12\\t16\\t20\\t24\\t28\\t32\\t36\\t40\\t\\n+5\\t10\\t15\\t20\\t25\\t30\\t35\\t40\\t45\\t50\\t\\n+6\\t12\\t18\\t24\\t30\\t36\\t42\\t48\\t54\\t60\\t\\n+7\\t14\\t21\\t28\\t35\\t42\\t49\\t56\\t63\\t70\\t\\n+8\\t16\\t24\\t32\\t40\\t48\\t56\\t64\\t72\\t80\\t\\n+9\\t18\\t27\\t36\\t45\\t54\\t63\\t72\\t81\\t90\\t\\n+10\\t20\\t30\\t40\\t50\\t60\\t70\\t80\\t90\\t100\\t\", \"input_file\": \"1.in\", \"return_code\": 0}}}"}, "archive": {"$oid": "5d160e753ed93c61671ac880"}, "stdout": "", "status": "done", "problems": {}, "stderr": "", "text": "- **Test 1: WRONG_ANSWER**", "taskid": "warmup", "response_type": "rst", "grade": 0.0, "tests": {}}, {"courseid": "group-5", "submitted_on": {"$date": 1561726684798}, "result": "failed", "_id": {"$oid": "5d160edc3ed93c61671ac884"}, "input": {"$oid": "5d160edc3ed93c61671ac882"}, "username": ["santiago.barreneche"], "custom": {"custom_summary_result": "WRONG_ANSWER", "custom_additional_info": "{\"files_feedback\": {\"1.in\": {\"input_file\": \"1.in\", \"diff\": \"@@ -1,11 +1,11 @@\\n\\n-1  2  3  4  5  6  7  8  9  10 \\n-2  4  6  8  10 12 14 16 18 20 \\n-3  6  9  12 15 18 21 24 27 30 \\n-4  8  12 16 20 24 28 32 36 40 \\n-5  10 15 20 25 30 35 40 45 50 \\n-6  12 18 24 30 36 42 48 54 60 \\n-7  14 21 28 35 42 49 56 63 70 \\n-8  16 24 32 40 48 56 64 72 80 \\n-9  18 27 36 45 54 63 72 81 90 \\n-10 20 30 40 50 60 70 80 90 100 \\n+1\\t2\\t3\\t4\\t5\\t6\\t7\\t8\\t9\\t10\\t\\n+2\\t4\\t6\\t8\\t10\\t12\\t14\\t16\\t18\\t20\\t\\n+3\\t6\\t9\\t12\\t15\\t18\\t21\\t24\\t27\\t30\\t\\n+4\\t8\\t12\\t16\\t20\\t24\\t28\\t32\\t36\\t40\\t\\n+5\\t10\\t15\\t20\\t25\\t30\\t35\\t40\\t45\\t50\\t\\n+6\\t12\\t18\\t24\\t30\\t36\\t42\\t48\\t54\\t60\\t\\n+7\\t14\\t21\\t28\\t35\\t42\\t49\\t56\\t63\\t70\\t\\n+8\\t16\\t24\\t32\\t40\\t48\\t56\\t64\\t72\\t80\\t\\n+9\\t18\\t27\\t36\\t45\\t54\\t63\\t72\\t81\\t90\\t\\n+10\\t20\\t30\\t40\\t50\\t60\\t70\\t80\\t90\\t100\\t\\n \", \"return_code\": 0, \"stdout\": \"1\\t2\\t3\\t4\\t5\\t6\\t7\\t8\\t9\\t10\\t\\n2\\t4\\t6\\t8\\t10\\t12\\t14\\t16\\t18\\t20\\t\\n3\\t6\\t9\\t12\\t15\\t18\\t21\\t24\\t27\\t30\\t\\n4\\t8\\t12\\t16\\t20\\t24\\t28\\t32\\t36\\t40\\t\\n5\\t10\\t15\\t20\\t25\\t30\\t35\\t40\\t45\\t50\\t\\n6\\t12\\t18\\t24\\t30\\t36\\t42\\t48\\t54\\t60\\t\\n7\\t14\\t21\\t28\\t35\\t42\\t49\\t56\\t63\\t70\\t\\n8\\t16\\t24\\t32\\t40\\t48\\t56\\t64\\t72\\t80\\t\\n9\\t18\\t27\\t36\\t45\\t54\\t63\\t72\\t81\\t90\\t\\n10\\t20\\t30\\t40\\t50\\t60\\t70\\t80\\t90\\t100\\t\\n\", \"stderr\": \"\"}}}"}, "archive": {"$oid": "5d160edf3ed93c61671ac885"}, "stdout": "", "status": "done", "problems": {}, "stderr": "", "text": "- **Test 1: WRONG_ANSWER**", "taskid": "warmup", "response_type": "rst", "grade": 0.0, "tests": {}}, {"courseid": "group-5", "submitted_on": {"$date": 1561726737852}, "result": "failed", "_id": {"$oid": "5d160f113ed93c61671ac889"}, "input": {"$oid": "5d160f113ed93c61671ac887"}, "username": ["daniel.andres.mora"], "custom": {"custom_summary_result": "COMPILATION_ERROR", "custom_additional_info": "{\"compilation_output\": \"g++: error: main.cpp: No such file or directory\\ng++: error: Madame.cpp: No such file or directory\\ng++: fatal error: no input files\\ncompilation terminated.\\nmake: *** [build] Error 4\\n\"}"}, "archive": {"$oid": "5d160f133ed93c61671ac88d"}, "stdout": "", "status": "done", "problems": {}, "stderr": "", "text": "**Compilation error**:\n\n\n\n.. raw:: html\n\n\t<pre>g++: error: main.cpp: No such file or directory\n\tg++: error: Madame.cpp: No such file or directory\n\tg++: fatal error: no input files\n\tcompilation terminated.\n\tmake: *** [build] Error 4\n\t</pre>\n\n", "taskid": "warmup", "response_type": "rst", "grade": 0.0, "tests": {}}, {"courseid": "group-5", "submitted_on": {"$date": 1561726738404}, "result": "failed", "_id": {"$oid": "5d160f123ed93c61671ac88c"}, "input": {"$oid": "5d160f123ed93c61671ac88a"}, "username": ["andres.galvis"], "custom": {"custom_summary_result": "WRONG_ANSWER", "custom_additional_info": "{\"files_feedback\": {\"1.in\": {\"stdout\": \"\\n1 2 3 4 5 6 7 8 9 10 \\n2 4 6 8 10 12 14 16 18 20 \\n3 6 9 12 15 18 21 24 27 30 \\n4 8 12 16 20 24 28 32 36 40 \\n5 10 15 20 25 30 35 40 45 50 \\n6 12 18 24 30 36 42 48 54 60 \\n7 14 21 28 35 42 49 56 63 70 \\n8 16 24 32 40 48 56 64 72 80 \\n9 18 27 36 45 54 63 72 81 90 \\n10 20 30 40 50 60 70 80 90 100 \", \"input_file\": \"1.in\", \"stderr\": \"\", \"return_code\": 0, \"diff\": \"@@ -1,11 +1,11 @@\\n\\n-1  2  3  4  5  6  7  8  9  10 \\n-2  4  6  8  10 12 14 16 18 20 \\n-3  6  9  12 15 18 21 24 27 30 \\n-4  8  12 16 20 24 28 32 36 40 \\n-5  10 15 20 25 30 35 40 45 50 \\n-6  12 18 24 30 36 42 48 54 60 \\n-7  14 21 28 35 42 49 56 63 70 \\n-8  16 24 32 40 48 56 64 72 80 \\n-9  18 27 36 45 54 63 72 81 90 \\n+\\n+1 2 3 4 5 6 7 8 9 10 \\n+2 4 6 8 10 12 14 16 18 20 \\n+3 6 9 12 15 18 21 24 27 30 \\n+4 8 12 16 20 24 28 32 36 40 \\n+5 10 15 20 25 30 35 40 45 50 \\n+6 12 18 24 30 36 42 48 54 60 \\n+7 14 21 28 35 42 49 56 63 70 \\n+8 16 24 32 40 48 56 64 72 80 \\n+9 18 27 36 45 54 63 72 81 90 \\n 10 20 30 40 50 60 70 80 90 100 \\n-\"}}}"}, "archive": {"$oid": "5d160f163ed93c61671ac88f"}, "stdout": "", "status": "done", "problems": {}, "stderr": "", "text": "- **Test 1: WRONG_ANSWER**", "taskid": "warmup", "response_type": "rst", "grade": 0.0, "tests": {}}, {"courseid": "group-5", "submitted_on": {"$date": 1561726759756}, "result": "failed", "_id": {"$oid": "5d160f273ed93c61671ac893"}, "input": {"$oid": "5d160f273ed93c61671ac891"}, "username": ["kevin.david.rodriguez"], "custom": {"custom_summary_result": "WRONG_ANSWER", "custom_additional_info": "{\"files_feedback\": {\"1.in\": {\"diff\": \"@@ -1,11 +1,21 @@\\n\\n 1  2  3  4  5  6  7  8  9  10 \\n+\\n 2  4  6  8  10 12 14 16 18 20 \\n+\\n 3  6  9  12 15 18 21 24 27 30 \\n+\\n 4  8  12 16 20 24 28 32 36 40 \\n+\\n 5  10 15 20 25 30 35 40 45 50 \\n+\\n 6  12 18 24 30 36 42 48 54 60 \\n+\\n 7  14 21 28 35 42 49 56 63 70 \\n+\\n 8  16 24 32 40 48 56 64 72 80 \\n+\\n 9  18 27 36 45 54 63 72 81 90 \\n+\\n 10 20 30 40 50 60 70 80 90 100 \\n \\n+\", \"stdout\": \"1  2  3  4  5  6  7  8  9  10 \\n\\n2  4  6  8  10 12 14 16 18 20 \\n\\n3  6  9  12 15 18 21 24 27 30 \\n\\n4  8  12 16 20 24 28 32 36 40 \\n\\n5  10 15 20 25 30 35 40 45 50 \\n\\n6  12 18 24 30 36 42 48 54 60 \\n\\n7  14 21 28 35 42 49 56 63 70 \\n\\n8  16 24 32 40 48 56 64 72 80 \\n\\n9  18 27 36 45 54 63 72 81 90 \\n\\n10 20 30 40 50 60 70 80 90 100 \\n\\n\", \"stderr\": \"\", \"return_code\": 0, \"input_file\": \"1.in\"}}}"}, "archive": {"$oid": "5d160f2a3ed93c61671ac894"}, "stdout": "", "status": "done", "problems": {}, "stderr": "", "text": "- **Test 1: WRONG_ANSWER**", "taskid": "warmup", "response_type": "rst", "grade": 0.0, "tests": {}}, {"courseid": "group-5", "submitted_on": {"$date": 1561726837217}, "result": "failed", "_id": {"$oid": "5d160f753ed93c61671ac898"}, "input": {"$oid": "5d160f753ed93c61671ac896"}, "username": ["santiago.barreneche"], "custom": {"custom_summary_result": "WRONG_ANSWER", "custom_additional_info": "{\"files_feedback\": {\"1.in\": {\"stdout\": \"1\\t2\\t3\\t4\\t5\\t6\\t7\\t8\\t9\\t10\\t\\n2\\t4\\t6\\t8\\t10\\t12\\t14\\t16\\t18\\t20\\t\\n3\\t6\\t9\\t12\\t15\\t18\\t21\\t24\\t27\\t30\\t\\n4\\t8\\t12\\t16\\t20\\t24\\t28\\t32\\t36\\t40\\t\\n5\\t10\\t15\\t20\\t25\\t30\\t35\\t40\\t45\\t50\\t\\n6\\t12\\t18\\t24\\t30\\t36\\t42\\t48\\t54\\t60\\t\\n7\\t14\\t21\\t28\\t35\\t42\\t49\\t56\\t63\\t70\\t\\n8\\t16\\t24\\t32\\t40\\t48\\t56\\t64\\t72\\t80\\t\\n9\\t18\\t27\\t36\\t45\\t54\\t63\\t72\\t81\\t90\\t\\n10\\t20\\t30\\t40\\t50\\t60\\t70\\t80\\t90\\t100\\t\\n\", \"input_file\": \"1.in\", \"return_code\": 0, \"diff\": \"@@ -1,11 +1,11 @@\\n\\n-1  2  3  4  5  6  7  8  9  10 \\n-2  4  6  8  10 12 14 16 18 20 \\n-3  6  9  12 15 18 21 24 27 30 \\n-4  8  12 16 20 24 28 32 36 40 \\n-5  10 15 20 25 30 35 40 45 50 \\n-6  12 18 24 30 36 42 48 54 60 \\n-7  14 21 28 35 42 49 56 63 70 \\n-8  16 24 32 40 48 56 64 72 80 \\n-9  18 27 36 45 54 63 72 81 90 \\n-10 20 30 40 50 60 70 80 90 100 \\n+1\\t2\\t3\\t4\\t5\\t6\\t7\\t8\\t9\\t10\\t\\n+2\\t4\\t6\\t8\\t10\\t12\\t14\\t16\\t18\\t20\\t\\n+3\\t6\\t9\\t12\\t15\\t18\\t21\\t24\\t27\\t30\\t\\n+4\\t8\\t12\\t16\\t20\\t24\\t28\\t32\\t36\\t40\\t\\n+5\\t10\\t15\\t20\\t25\\t30\\t35\\t40\\t45\\t50\\t\\n+6\\t12\\t18\\t24\\t30\\t36\\t42\\t48\\t54\\t60\\t\\n+7\\t14\\t21\\t28\\t35\\t42\\t49\\t56\\t63\\t70\\t\\n+8\\t16\\t24\\t32\\t40\\t48\\t56\\t64\\t72\\t80\\t\\n+9\\t18\\t27\\t36\\t45\\t54\\t63\\t72\\t81\\t90\\t\\n+10\\t20\\t30\\t40\\t50\\t60\\t70\\t80\\t90\\t100\\t\\n \", \"stderr\": \"\"}}}"}, "archive": {"$oid": "5d160f783ed93c61671ac899"}, "stdout": "", "status": "done", "problems": {}, "stderr": "", "text": "- **Test 1: WRONG_ANSWER**", "taskid": "warmup", "response_type": "rst", "grade": 0.0, "tests": {}}, {"courseid": "group-5", "submitted_on": {"$date": 1561726865977}, "result": "failed", "_id": {"$oid": "5d160f913ed93c61671ac89d"}, "input": {"$oid": "5d160f913ed93c61671ac89b"}, "username": ["lina.guamanga"], "custom": {"custom_summary_result": "COMPILATION_ERROR", "custom_additional_info": "{\"compilation_output\": \"make: *** No targets specified and no makefile found.  Stop.\\n\"}"}, "archive": {"$oid": "5d160f933ed93c61671ac89e"}, "stdout": "", "status": "done", "problems": {}, "stderr": "", "text": "**Compilation error**:\n\n\n\n.. raw:: html\n\n\t<pre>make: *** No targets specified and no makefile found.  Stop.\n\t</pre>\n\n", "taskid": "warmup", "response_type": "rst", "grade": 0.0, "tests": {}}, {"courseid": "group-5", "submitted_on": {"$date": 1561727038639}, "result": "failed", "_id": {"$oid": "5d16103e3ed93c61671ac8a2"}, "input": {"$oid": "5d16103e3ed93c61671ac8a0"}, "username": ["santiago.barreneche"], "custom": {"custom_summary_result": "WRONG_ANSWER", "custom_additional_info": "{\"files_feedback\": {\"1.in\": {\"input_file\": \"1.in\", \"stderr\": \"\", \"return_code\": 0, \"stdout\": \"1\\t2\\t3\\t4\\t5\\t6\\t7\\t8\\t9\\t10\\n2\\t4\\t6\\t8\\t10\\t12\\t14\\t16\\t18\\t20\\n3\\t6\\t9\\t12\\t15\\t18\\t21\\t24\\t27\\t30\\n4\\t8\\t12\\t16\\t20\\t24\\t28\\t32\\t36\\t40\\n5\\t10\\t15\\t20\\t25\\t30\\t35\\t40\\t45\\t50\\n6\\t12\\t18\\t24\\t30\\t36\\t42\\t48\\t54\\t60\\n7\\t14\\t21\\t28\\t35\\t42\\t49\\t56\\t63\\t70\\n8\\t16\\t24\\t32\\t40\\t48\\t56\\t64\\t72\\t80\\n9\\t18\\t27\\t36\\t45\\t54\\t63\\t72\\t81\\t90\\n10\\t20\\t30\\t40\\t50\\t60\\t70\\t80\\t90\\t100\\n\", \"diff\": \"@@ -1,11 +1,11 @@\\n\\n-1  2  3  4  5  6  7  8  9  10 \\n-2  4  6  8  10 12 14 16 18 20 \\n-3  6  9  12 15 18 21 24 27 30 \\n-4  8  12 16 20 24 28 32 36 40 \\n-5  10 15 20 25 30 35 40 45 50 \\n-6  12 18 24 30 36 42 48 54 60 \\n-7  14 21 28 35 42 49 56 63 70 \\n-8  16 24 32 40 48 56 64 72 80 \\n-9  18 27 36 45 54 63 72 81 90 \\n-10 20 30 40 50 60 70 80 90 100 \\n+1\\t2\\t3\\t4\\t5\\t6\\t7\\t8\\t9\\t10\\n+2\\t4\\t6\\t8\\t10\\t12\\t14\\t16\\t18\\t20\\n+3\\t6\\t9\\t12\\t15\\t18\\t21\\t24\\t27\\t30\\n+4\\t8\\t12\\t16\\t20\\t24\\t28\\t32\\t36\\t40\\n+5\\t10\\t15\\t20\\t25\\t30\\t35\\t40\\t45\\t50\\n+6\\t12\\t18\\t24\\t30\\t36\\t42\\t48\\t54\\t60\\n+7\\t14\\t21\\t28\\t35\\t42\\t49\\t56\\t63\\t70\\n+8\\t16\\t24\\t32\\t40\\t48\\t56\\t64\\t72\\t80\\n+9\\t18\\t27\\t36\\t45\\t54\\t63\\t72\\t81\\t90\\n+10\\t20\\t30\\t40\\t50\\t60\\t70\\t80\\t90\\t100\\n \"}}}"}, "archive": {"$oid": "5d1610413ed93c61671ac8a3"}, "stdout": "", "status": "done", "problems": {}, "stderr": "", "text": "- **Test 1: WRONG_ANSWER**", "taskid": "warmup", "response_type": "rst", "grade": 0.0, "tests": {}}, {"courseid": "group-5", "submitted_on": {"$date": 1561727044834}, "result": "failed", "_id": {"$oid": "5d1610443ed93c61671ac8a7"}, "input": {"$oid": "5d1610443ed93c61671ac8a5"}, "username": ["mateo.obando"], "custom": {"custom_summary_result": "COMPILATION_ERROR", "custom_additional_info": "{\"compilation_output\": \"g++: error: Madame.cpp: No such file or directory\\nmake: *** [build] Error 1\\n\"}"}, "archive": {"$oid": "5d1610463ed93c61671ac8a8"}, "stdout": "", "status": "done", "problems": {}, "stderr": "", "text": "**Compilation error**:\n\n\n\n.. raw:: html\n\n\t<pre>g++: error: Madame.cpp: No such file or directory\n\tmake: *** [build] Error 1\n\t</pre>\n\n", "taskid": "warmup", "response_type": "rst", "grade": 0.0, "tests": {}}, {"courseid": "group-5", "submitted_on": {"$date": 1561727050699}, "result": "success", "_id": {"$oid": "5d16104a3ed93c61671ac8ac"}, "input": {"$oid": "5d16104a3ed93c61671ac8aa"}, "username": ["kevin.david.rodriguez"], "custom": {"custom_summary_result": "ACCEPTED", "custom_additional_info": "{\"files_feedback\": {\"1.in\": {}}}"}, "archive": {"$oid": "5d16104d3ed93c61671ac8ad"}, "stdout": "", "status": "done", "problems": {}, "stderr": "", "text": "- **Test 1: ACCEPTED**", "taskid": "warmup", "response_type": "rst", "grade": 100.0, "tests": {}}, {"courseid": "group-5", "submitted_on": {"$date": 1561727067446}, "result": "failed", "_id": {"$oid": "5d16105b3ed93c61671ac8b1"}, "input": {"$oid": "5d16105b3ed93c61671ac8af"}, "username": ["lina.guamanga"], "custom": {"custom_summary_result": "COMPILATION_ERROR", "custom_additional_info": "{\"compilation_output\": \"make: *** No targets specified and no makefile found.  Stop.\\n\"}"}, "archive": {"$oid": "5d16105d3ed93c61671ac8b2"}, "stdout": "", "status": "done", "problems": {}, "stderr": "", "text": "**Compilation error**:\n\n\n\n.. raw:: html\n\n\t<pre>make: *** No targets specified and no makefile found.  Stop.\n\t</pre>\n\n", "taskid": "warmup", "response_type": "rst", "grade": 0.0, "tests": {}}, {"courseid": "group-5", "submitted_on": {"$date": 1561727108783}, "result": "failed", "_id": {"$oid": "5d1610843ed93c61671ac8b6"}, "input": {"$oid": "5d1610843ed93c61671ac8b4"}, "username": ["andres.galvis"], "custom": {"custom_summary_result": "WRONG_ANSWER", "custom_additional_info": "{\"files_feedback\": {\"1.in\": {\"input_file\": \"1.in\", \"stderr\": \"\", \"stdout\": \"\\n1\\t2\\t3\\t4\\t5\\t6\\t7\\t8\\t9\\t10\\t\\n2\\t4\\t6\\t8\\t10\\t12\\t14\\t16\\t18\\t20\\t\\n3\\t6\\t9\\t12\\t15\\t18\\t21\\t24\\t27\\t30\\t\\n4\\t8\\t12\\t16\\t20\\t24\\t28\\t32\\t36\\t40\\t\\n5\\t10\\t15\\t20\\t25\\t30\\t35\\t40\\t45\\t50\\t\\n6\\t12\\t18\\t24\\t30\\t36\\t42\\t48\\t54\\t60\\t\\n7\\t14\\t21\\t28\\t35\\t42\\t49\\t56\\t63\\t70\\t\\n8\\t16\\t24\\t32\\t40\\t48\\t56\\t64\\t72\\t80\\t\\n9\\t18\\t27\\t36\\t45\\t54\\t63\\t72\\t81\\t90\\t\\n10\\t20\\t30\\t40\\t50\\t60\\t70\\t80\\t90\\t100\\t\", \"return_code\": 0, \"diff\": \"@@ -1,11 +1,11 @@\\n\\n-1  2  3  4  5  6  7  8  9  10 \\n-2  4  6  8  10 12 14 16 18 20 \\n-3  6  9  12 15 18 21 24 27 30 \\n-4  8  12 16 20 24 28 32 36 40 \\n-5  10 15 20 25 30 35 40 45 50 \\n-6  12 18 24 30 36 42 48 54 60 \\n-7  14 21 28 35 42 49 56 63 70 \\n-8  16 24 32 40 48 56 64 72 80 \\n-9  18 27 36 45 54 63 72 81 90 \\n-10 20 30 40 50 60 70 80 90 100 \\n \\n+1\\t2\\t3\\t4\\t5\\t6\\t7\\t8\\t9\\t10\\t\\n+2\\t4\\t6\\t8\\t10\\t12\\t14\\t16\\t18\\t20\\t\\n+3\\t6\\t9\\t12\\t15\\t18\\t21\\t24\\t27\\t30\\t\\n+4\\t8\\t12\\t16\\t20\\t24\\t28\\t32\\t36\\t40\\t\\n+5\\t10\\t15\\t20\\t25\\t30\\t35\\t40\\t45\\t50\\t\\n+6\\t12\\t18\\t24\\t30\\t36\\t42\\t48\\t54\\t60\\t\\n+7\\t14\\t21\\t28\\t35\\t42\\t49\\t56\\t63\\t70\\t\\n+8\\t16\\t24\\t32\\t40\\t48\\t56\\t64\\t72\\t80\\t\\n+9\\t18\\t27\\t36\\t45\\t54\\t63\\t72\\t81\\t90\\t\\n+10\\t20\\t30\\t40\\t50\\t60\\t70\\t80\\t90\\t100\\t\"}}}"}, "archive": {"$oid": "5d1610873ed93c61671ac8b7"}, "stdout": "", "status": "done", "problems": {}, "stderr": "", "text": "- **Test 1: WRONG_ANSWER**", "taskid": "warmup", "response_type": "rst", "grade": 0.0, "tests": {}}, {"courseid": "group-5", "submitted_on": {"$date": 1561727127448}, "result": "failed", "_id": {"$oid": "5d1610973ed93c61671ac8bb"}, "input": {"$oid": "5d1610973ed93c61671ac8b9"}, "username": ["santiago.barreneche"], "custom": {"custom_summary_result": "WRONG_ANSWER", "custom_additional_info": "{\"files_feedback\": {\"1.in\": {\"stderr\": \"\", \"input_file\": \"1.in\", \"return_code\": 0, \"stdout\": \"1\\t2\\t3\\t4\\t5\\t6\\t7\\t8\\t9\\t10\\n2\\t4\\t6\\t8\\t10\\t12\\t14\\t16\\t18\\t20\\n3\\t6\\t9\\t12\\t15\\t18\\t21\\t24\\t27\\t30\\n4\\t8\\t12\\t16\\t20\\t24\\t28\\t32\\t36\\t40\\n5\\t10\\t15\\t20\\t25\\t30\\t35\\t40\\t45\\t50\\n6\\t12\\t18\\t24\\t30\\t36\\t42\\t48\\t54\\t60\\n7\\t14\\t21\\t28\\t35\\t42\\t49\\t56\\t63\\t70\\n8\\t16\\t24\\t32\\t40\\t48\\t56\\t64\\t72\\t80\\n9\\t18\\t27\\t36\\t45\\t54\\t63\\t72\\t81\\t90\\n10\\t20\\t30\\t40\\t50\\t60\\t70\\t80\\t90\\t100\\n\", \"diff\": \"@@ -1,11 +1,11 @@\\n\\n-1  2  3  4  5  6  7  8  9  10 \\n-2  4  6  8  10 12 14 16 18 20 \\n-3  6  9  12 15 18 21 24 27 30 \\n-4  8  12 16 20 24 28 32 36 40 \\n-5  10 15 20 25 30 35 40 45 50 \\n-6  12 18 24 30 36 42 48 54 60 \\n-7  14 21 28 35 42 49 56 63 70 \\n-8  16 24 32 40 48 56 64 72 80 \\n-9  18 27 36 45 54 63 72 81 90 \\n-10 20 30 40 50 60 70 80 90 100 \\n+1\\t2\\t3\\t4\\t5\\t6\\t7\\t8\\t9\\t10\\n+2\\t4\\t6\\t8\\t10\\t12\\t14\\t16\\t18\\t20\\n+3\\t6\\t9\\t12\\t15\\t18\\t21\\t24\\t27\\t30\\n+4\\t8\\t12\\t16\\t20\\t24\\t28\\t32\\t36\\t40\\n+5\\t10\\t15\\t20\\t25\\t30\\t35\\t40\\t45\\t50\\n+6\\t12\\t18\\t24\\t30\\t36\\t42\\t48\\t54\\t60\\n+7\\t14\\t21\\t28\\t35\\t42\\t49\\t56\\t63\\t70\\n+8\\t16\\t24\\t32\\t40\\t48\\t56\\t64\\t72\\t80\\n+9\\t18\\t27\\t36\\t45\\t54\\t63\\t72\\t81\\t90\\n+10\\t20\\t30\\t40\\t50\\t60\\t70\\t80\\t90\\t100\\n \"}}}"}, "archive": {"$oid": "5d16109a3ed93c61671ac8bc"}, "stdout": "", "status": "done", "problems": {}, "stderr": "", "text": "- **Test 1: WRONG_ANSWER**", "taskid": "warmup", "response_type": "rst", "grade": 0.0, "tests": {}}, {"courseid": "group-5", "submitted_on": {"$date": 1561727146805}, "result": "success", "_id": {"$oid": "5d1610aa3ed93c61671ac8c0"}, "input": {"$oid": "5d1610aa3ed93c61671ac8be"}, "username": ["mateo.obando"], "custom": {"custom_summary_result": "ACCEPTED", "custom_additional_info": "{\"files_feedback\": {\"1.in\": {}}}"}, "archive": {"$oid": "5d1610ad3ed93c61671ac8c1"}, "stdout": "", "status": "done", "problems": {}, "stderr": "", "text": "- **Test 1: ACCEPTED**", "taskid": "warmup", "response_type": "rst", "grade": 100.0, "tests": {}}, {"courseid": "group-5", "submitted_on": {"$date": 1561727174509}, "result": "failed", "_id": {"$oid": "5d1610c63ed93c61671ac8c5"}, "input": {"$oid": "5d1610c63ed93c61671ac8c3"}, "username": ["daniel.andres.mora"], "custom": {"custom_summary_result": "COMPILATION_ERROR", "custom_additional_info": "{\"compilation_output\": \"g++: error: main.cpp: No such file or directory\\ng++: error: Madame.cpp: No such file or directory\\ng++: fatal error: no input files\\ncompilation terminated.\\nmake: *** [build] Error 4\\n\"}"}, "archive": {"$oid": "5d1610c83ed93c61671ac8c6"}, "stdout": "", "status": "done", "problems": {}, "stderr": "", "text": "**Compilation error**:\n\n\n\n.. raw:: html\n\n\t<pre>g++: error: main.cpp: No such file or directory\n\tg++: error: Madame.cpp: No such file or directory\n\tg++: fatal error: no input files\n\tcompilation terminated.\n\tmake: *** [build] Error 4\n\t</pre>\n\n", "taskid": "warmup", "response_type": "rst", "grade": 0.0, "tests": {}}, {"courseid": "group-5", "submitted_on": {"$date": 1561727264553}, "result": "success", "_id": {"$oid": "5d1611203ed93c61671ac8ca"}, "input": {"$oid": "5d1611203ed93c61671ac8c8"}, "username": ["daniel.andres.mora"], "custom": {"custom_summary_result": "ACCEPTED", "custom_additional_info": "{\"files_feedback\": {\"1.in\": {}}}"}, "archive": {"$oid": "5d1611233ed93c61671ac8cb"}, "stdout": "", "status": "done", "problems": {}, "stderr": "", "text": "- **Test 1: ACCEPTED**", "taskid": "warmup", "response_type": "rst", "grade": 100.0, "tests": {}}, {"courseid": "group-5", "submitted_on": {"$date": 1561727283029}, "result": "failed", "_id": {"$oid": "5d1611333ed93c61671ac8cf"}, "input": {"$oid": "5d1611333ed93c61671ac8cd"}, "username": ["andres.galvis"], "custom": {"custom_summary_result": "WRONG_ANSWER", "custom_additional_info": "{\"files_feedback\": {\"1.in\": {\"return_code\": 0, \"stderr\": \"\", \"input_file\": \"1.in\", \"stdout\": \"\\n1\\t2\\t3\\t4\\t5\\t6\\t7\\t8\\t9\\t10\\t\\n2\\t4\\t6\\t8\\t10\\t12\\t14\\t16\\t18\\t20\\t\\n3\\t6\\t9\\t12\\t15\\t18\\t21\\t24\\t27\\t30\\t\\n4\\t8\\t12\\t16\\t20\\t24\\t28\\t32\\t36\\t40\\t\\n5\\t10\\t15\\t20\\t25\\t30\\t35\\t40\\t45\\t50\\t\\n6\\t12\\t18\\t24\\t30\\t36\\t42\\t48\\t54\\t60\\t\\n7\\t14\\t21\\t28\\t35\\t42\\t49\\t56\\t63\\t70\\t\\n8\\t16\\t24\\t32\\t40\\t48\\t56\\t64\\t72\\t80\\t\\n9\\t18\\t27\\t36\\t45\\t54\\t63\\t72\\t81\\t90\\t\\n10\\t20\\t30\\t40\\t50\\t60\\t70\\t80\\t90\\t100\\t\", \"diff\": \"@@ -1,11 +1,11 @@\\n\\n-1  2  3  4  5  6  7  8  9  10 \\n-2  4  6  8  10 12 14 16 18 20 \\n-3  6  9  12 15 18 21 24 27 30 \\n-4  8  12 16 20 24 28 32 36 40 \\n-5  10 15 20 25 30 35 40 45 50 \\n-6  12 18 24 30 36 42 48 54 60 \\n-7  14 21 28 35 42 49 56 63 70 \\n-8  16 24 32 40 48 56 64 72 80 \\n-9  18 27 36 45 54 63 72 81 90 \\n-10 20 30 40 50 60 70 80 90 100 \\n \\n+1\\t2\\t3\\t4\\t5\\t6\\t7\\t8\\t9\\t10\\t\\n+2\\t4\\t6\\t8\\t10\\t12\\t14\\t16\\t18\\t20\\t\\n+3\\t6\\t9\\t12\\t15\\t18\\t21\\t24\\t27\\t30\\t\\n+4\\t8\\t12\\t16\\t20\\t24\\t28\\t32\\t36\\t40\\t\\n+5\\t10\\t15\\t20\\t25\\t30\\t35\\t40\\t45\\t50\\t\\n+6\\t12\\t18\\t24\\t30\\t36\\t42\\t48\\t54\\t60\\t\\n+7\\t14\\t21\\t28\\t35\\t42\\t49\\t56\\t63\\t70\\t\\n+8\\t16\\t24\\t32\\t40\\t48\\t56\\t64\\t72\\t80\\t\\n+9\\t18\\t27\\t36\\t45\\t54\\t63\\t72\\t81\\t90\\t\\n+10\\t20\\t30\\t40\\t50\\t60\\t70\\t80\\t90\\t100\\t\"}}}"}, "archive": {"$oid": "5d1611353ed93c61671ac8d0"}, "stdout": "", "status": "done", "problems": {}, "stderr": "", "text": "- **Test 1: WRONG_ANSWER**", "taskid": "warmup", "response_type": "rst", "grade": 0.0, "tests": {}}, {"courseid": "group-5", "submitted_on": {"$date": 1561727293142}, "result": "failed", "_id": {"$oid": "5d16113d3ed93c61671ac8d4"}, "input": {"$oid": "5d16113d3ed93c61671ac8d2"}, "username": ["santiago.barreneche"], "custom": {"custom_summary_result": "WRONG_ANSWER", "custom_additional_info": "{\"files_feedback\": {\"1.in\": {\"stdout\": \"1 2 3 4 5 6 7 8 9 10\\n2 4 6 8 10 12 14 16 18 20\\n3 6 9 12 15 18 21 24 27 30\\n4 8 12 16 20 24 28 32 36 40\\n5 10 15 20 25 30 35 40 45 50\\n6 12 18 24 30 36 42 48 54 60\\n7 14 21 28 35 42 49 56 63 70\\n8 16 24 32 40 48 56 64 72 80\\n9 18 27 36 45 54 63 72 81 90\\n10 20 30 40 50 60 70 80 90 100\\n\", \"input_file\": \"1.in\", \"diff\": \"@@ -1,11 +1,11 @@\\n\\n-1  2  3  4  5  6  7  8  9  10 \\n-2  4  6  8  10 12 14 16 18 20 \\n-3  6  9  12 15 18 21 24 27 30 \\n-4  8  12 16 20 24 28 32 36 40 \\n-5  10 15 20 25 30 35 40 45 50 \\n-6  12 18 24 30 36 42 48 54 60 \\n-7  14 21 28 35 42 49 56 63 70 \\n-8  16 24 32 40 48 56 64 72 80 \\n-9  18 27 36 45 54 63 72 81 90 \\n-10 20 30 40 50 60 70 80 90 100 \\n+1 2 3 4 5 6 7 8 9 10\\n+2 4 6 8 10 12 14 16 18 20\\n+3 6 9 12 15 18 21 24 27 30\\n+4 8 12 16 20 24 28 32 36 40\\n+5 10 15 20 25 30 35 40 45 50\\n+6 12 18 24 30 36 42 48 54 60\\n+7 14 21 28 35 42 49 56 63 70\\n+8 16 24 32 40 48 56 64 72 80\\n+9 18 27 36 45 54 63 72 81 90\\n+10 20 30 40 50 60 70 80 90 100\\n \", \"stderr\": \"\", \"return_code\": 0}}}"}, "archive": {"$oid": "5d1611403ed93c61671ac8d5"}, "stdout": "", "status": "done", "problems": {}, "stderr": "", "text": "- **Test 1: WRONG_ANSWER**", "taskid": "warmup", "response_type": "rst", "grade": 0.0, "tests": {}}, {"courseid": "group-5", "submitted_on": {"$date": 1561727298312}, "result": "failed", "_id": {"$oid": "5d1611423ed93c61671ac8d9"}, "input": {"$oid": "5d1611423ed93c61671ac8d7"}, "username": ["lina.guamanga"], "custom": {"custom_summary_result": "COMPILATION_ERROR", "custom_additional_info": "{\"compilation_output\": \"make: *** No targets specified and no makefile found.  Stop.\\n\"}"}, "archive": {"$oid": "5d1611443ed93c61671ac8da"}, "stdout": "", "status": "done", "problems": {}, "stderr": "", "text": "**Compilation error**:\n\n\n\n.. raw:: html\n\n\t<pre>make: *** No targets specified and no makefile found.  Stop.\n\t</pre>\n\n", "taskid": "warmup", "response_type": "rst", "grade": 0.0, "tests": {}}, {"courseid": "group-5", "submitted_on": {"$date": 1561727311731}, "result": "failed", "_id": {"$oid": "5d16114f3ed93c61671ac8de"}, "input": {"$oid": "5d16114f3ed93c61671ac8dc"}, "username": ["andres.galvis"], "custom": {"custom_summary_result": "WRONG_ANSWER", "custom_additional_info": "{\"files_feedback\": {\"1.in\": {\"return_code\": 0, \"input_file\": \"1.in\", \"diff\": \"@@ -1,3 +1,4 @@\\n\\n+\\n 1  2  3  4  5  6  7  8  9  10 \\n 2  4  6  8  10 12 14 16 18 20 \\n 3  6  9  12 15 18 21 24 27 30 \\n@@ -8,4 +9,3 @@\\n\\n 8  16 24 32 40 48 56 64 72 80 \\n 9  18 27 36 45 54 63 72 81 90 \\n 10 20 30 40 50 60 70 80 90 100 \\n-\", \"stdout\": \"\\n1  2  3  4  5  6  7  8  9  10 \\n2  4  6  8  10 12 14 16 18 20 \\n3  6  9  12 15 18 21 24 27 30 \\n4  8  12 16 20 24 28 32 36 40 \\n5  10 15 20 25 30 35 40 45 50 \\n6  12 18 24 30 36 42 48 54 60 \\n7  14 21 28 35 42 49 56 63 70 \\n8  16 24 32 40 48 56 64 72 80 \\n9  18 27 36 45 54 63 72 81 90 \\n10 20 30 40 50 60 70 80 90 100 \", \"stderr\": \"\"}}}"}, "archive": {"$oid": "5d1611523ed93c61671ac8df"}, "stdout": "", "status": "done", "problems": {}, "stderr": "", "text": "- **Test 1: WRONG_ANSWER**", "taskid": "warmup", "response_type": "rst", "grade": 0.0, "tests": {}}, {"courseid": "group-5", "submitted_on": {"$date": 1561727402840}, "result": "failed", "_id": {"$oid": "5d1611aa3ed93c61671ac8e3"}, "input": {"$oid": "5d1611aa3ed93c61671ac8e1"}, "username": ["armando.ruiz"], "custom": {"custom_summary_result": "COMPILATION_ERROR", "custom_additional_info": "{\"compilation_output\": \"g++: error: tablacpp: No such file or directory\\nmake: *** [build] Error 1\\n\"}"}, "archive": {"$oid": "5d1611ac3ed93c61671ac8e4"}, "stdout": "", "status": "done", "problems": {}, "stderr": "", "text": "**Compilation error**:\n\n\n\n.. raw:: html\n\n\t<pre>g++: error: tablacpp: No such file or directory\n\tmake: *** [build] Error 1\n\t</pre>\n\n", "taskid": "warmup", "response_type": "rst", "grade": 0.0, "tests": {}}, {"courseid": "group-5", "submitted_on": {"$date": 1561727408855}, "result": "failed", "_id": {"$oid": "5d1611b03ed93c61671ac8e8"}, "input": {"$oid": "5d1611b03ed93c61671ac8e6"}, "username": ["santiago.barreneche"], "custom": {"custom_summary_result": "WRONG_ANSWER", "custom_additional_info": "{\"files_feedback\": {\"1.in\": {\"stdout\": \"1 2 3 4 5 6 7 8 9 10\\n2 4 6 8 10 12 14 16 18 20\\n3 6 9 12 15 18 21 24 27 30\\n4 8 12 16 20 24 28 32 36 40\\n5 10 15 20 25 30 35 40 45 50\\n6 12 18 24 30 36 42 48 54 60\\n7 14 21 28 35 42 49 56 63 70\\n8 16 24 32 40 48 56 64 72 80\\n9 18 27 36 45 54 63 72 81 90\\n10 20 30 40 50 60 70 80 90 100\\n\", \"input_file\": \"1.in\", \"diff\": \"@@ -1,11 +1,11 @@\\n\\n-1  2  3  4  5  6  7  8  9  10 \\n-2  4  6  8  10 12 14 16 18 20 \\n-3  6  9  12 15 18 21 24 27 30 \\n-4  8  12 16 20 24 28 32 36 40 \\n-5  10 15 20 25 30 35 40 45 50 \\n-6  12 18 24 30 36 42 48 54 60 \\n-7  14 21 28 35 42 49 56 63 70 \\n-8  16 24 32 40 48 56 64 72 80 \\n-9  18 27 36 45 54 63 72 81 90 \\n-10 20 30 40 50 60 70 80 90 100 \\n+1 2 3 4 5 6 7 8 9 10\\n+2 4 6 8 10 12 14 16 18 20\\n+3 6 9 12 15 18 21 24 27 30\\n+4 8 12 16 20 24 28 32 36 40\\n+5 10 15 20 25 30 35 40 45 50\\n+6 12 18 24 30 36 42 48 54 60\\n+7 14 21 28 35 42 49 56 63 70\\n+8 16 24 32 40 48 56 64 72 80\\n+9 18 27 36 45 54 63 72 81 90\\n+10 20 30 40 50 60 70 80 90 100\\n \", \"stderr\": \"\", \"return_code\": 0}}}"}, "archive": {"$oid": "5d1611b33ed93c61671ac8e9"}, "stdout": "", "status": "done", "problems": {}, "stderr": "", "text": "- **Test 1: WRONG_ANSWER**", "taskid": "warmup", "response_type": "rst", "grade": 0.0, "tests": {}}, {"courseid": "group-5", "submitted_on": {"$date": 1561727432611}, "result": "success", "_id": {"$oid": "5d1611c83ed93c61671ac8ed"}, "input": {"$oid": "5d1611c83ed93c61671ac8eb"}, "username": ["lina.guamanga"], "custom": {"custom_summary_result": "ACCEPTED", "custom_additional_info": "{\"files_feedback\": {\"1.in\": {}}}"}, "archive": {"$oid": "5d1611cb3ed93c61671ac8ee"}, "stdout": "", "status": "done", "problems": {}, "stderr": "", "text": "- **Test 1: ACCEPTED**", "taskid": "warmup", "response_type": "rst", "grade": 100.0, "tests": {}}, {"courseid": "group-5", "submitted_on": {"$date": 1561727502475}, "result": "failed", "_id": {"$oid": "5d16120e3ed93c61671ac8f2"}, "input": {"$oid": "5d16120e3ed93c61671ac8f0"}, "username": ["armando.ruiz"], "custom": {"custom_summary_result": "WRONG_ANSWER", "custom_additional_info": "{\"files_feedback\": {\"1.in\": {\"return_code\": 0, \"stdout\": \"1 2 3 4 5 6 7 8 9 10 \\n2 4 6 8 10 12 14 16 18 20 \\n3 6 9 12 15 18 21 24 27 30 \\n4 8 12 16 20 24 28 32 36 40 \\n5 10 15 20 25 30 35 40 45 50 \\n6 12 18 24 30 36 42 48 54 60 \\n7 14 21 28 35 42 49 56 63 70 \\n8 16 24 32 40 48 56 64 72 80 \\n9 18 27 36 45 54 63 72 81 90 \\n10 20 30 40 50 60 70 80 90 100 \\n\", \"stderr\": \"\", \"input_file\": \"1.in\", \"diff\": \"@@ -1,11 +1,11 @@\\n\\n-1  2  3  4  5  6  7  8  9  10 \\n-2  4  6  8  10 12 14 16 18 20 \\n-3  6  9  12 15 18 21 24 27 30 \\n-4  8  12 16 20 24 28 32 36 40 \\n-5  10 15 20 25 30 35 40 45 50 \\n-6  12 18 24 30 36 42 48 54 60 \\n-7  14 21 28 35 42 49 56 63 70 \\n-8  16 24 32 40 48 56 64 72 80 \\n-9  18 27 36 45 54 63 72 81 90 \\n+1 2 3 4 5 6 7 8 9 10 \\n+2 4 6 8 10 12 14 16 18 20 \\n+3 6 9 12 15 18 21 24 27 30 \\n+4 8 12 16 20 24 28 32 36 40 \\n+5 10 15 20 25 30 35 40 45 50 \\n+6 12 18 24 30 36 42 48 54 60 \\n+7 14 21 28 35 42 49 56 63 70 \\n+8 16 24 32 40 48 56 64 72 80 \\n+9 18 27 36 45 54 63 72 81 90 \\n 10 20 30 40 50 60 70 80 90 100 \\n \"}}}"}, "archive": {"$oid": "5d1612113ed93c61671ac8f3"}, "stdout": "", "status": "done", "problems": {}, "stderr": "", "text": "- **Test 1: WRONG_ANSWER**", "taskid": "warmup", "response_type": "rst", "grade": 0.0, "tests": {}}, {"courseid": "group-5", "submitted_on": {"$date": 1561727568078}, "result": "success", "_id": {"$oid": "5d1612503ed93c61671ac8f7"}, "input": {"$oid": "5d1612503ed93c61671ac8f5"}, "username": ["lasso.julian"], "custom": {"custom_summary_result": "ACCEPTED", "custom_additional_info": "{\"files_feedback\": {\"1.in\": {}}}"}, "archive": {"$oid": "5d1612533ed93c61671ac8f8"}, "stdout": "", "status": "done", "problems": {}, "stderr": "", "text": "- **Test 1: ACCEPTED**", "taskid": "warmup", "response_type": "rst", "grade": 100.0, "tests": {}}, {"courseid": "group-5", "submitted_on": {"$date": 1561727648080}, "result": "success", "_id": {"$oid": "5d1612a03ed93c61671ac8fc"}, "input": {"$oid": "5d1612a03ed93c61671ac8fa"}, "username": ["salamanca.julian"], "custom": {"custom_summary_result": "ACCEPTED", "custom_additional_info": "{\"files_feedback\": {\"1.in\": {}}}"}, "archive": {"$oid": "5d1612a33ed93c61671ac8fd"}, "stdout": "", "status": "done", "problems": {}, "stderr": "", "text": "- **Test 1: ACCEPTED**", "taskid": "warmup", "response_type": "rst", "grade": 100.0, "tests": {}}, {"courseid": "group-5", "submitted_on": {"$date": 1561727715050}, "result": "success", "_id": {"$oid": "5d1612e33ed93c61671ac901"}, "input": {"$oid": "5d1612e33ed93c61671ac8ff"}, "username": ["armando.ruiz"], "custom": {"custom_summary_result": "ACCEPTED", "custom_additional_info": "{\"files_feedback\": {\"1.in\": {}}}"}, "archive": {"$oid": "5d1612e53ed93c61671ac902"}, "stdout": "", "status": "done", "problems": {}, "stderr": "", "text": "- **Test 1: ACCEPTED**", "taskid": "warmup", "response_type": "rst", "grade": 100.0, "tests": {}}, {"courseid": "group-5", "submitted_on": {"$date": 1561727759166}, "result": "success", "_id": {"$oid": "5d16130f3ed93c61671ac906"}, "input": {"$oid": "5d16130f3ed93c61671ac904"}, "username": ["santiago.barreneche"], "custom": {"custom_summary_result": "ACCEPTED", "custom_additional_info": "{\"files_feedback\": {\"1.in\": {}}}"}, "archive": {"$oid": "5d1613123ed93c61671ac90a"}, "stdout": "", "status": "done", "problems": {}, "stderr": "", "text": "- **Test 1: ACCEPTED**", "taskid": "warmup", "response_type": "rst", "grade": 100.0, "tests": {}}, {"courseid": "group-5", "submitted_on": {"$date": 1561727759391}, "result": "success", "_id": {"$oid": "5d16130f3ed93c61671ac909"}, "input": {"$oid": "5d16130f3ed93c61671ac907"}, "username": ["andres.galvis"], "custom": {"custom_summary_result": "ACCEPTED", "custom_additional_info": "{\"files_feedback\": {\"1.in\": {}}}"}, "archive": {"$oid": "5d1613153ed93c61671ac90c"}, "stdout": "", "status": "done", "problems": {}, "stderr": "", "text": "- **Test 1: ACCEPTED**", "taskid": "warmup", "response_type": "rst", "grade": 100.0, "tests": {}}, {"courseid": "group-5", "submitted_on": {"$date": 1561727841507}, "result": "success", "_id": {"$oid": "5d1613613ed93c61671ac910"}, "input": {"$oid": "5d1613613ed93c61671ac90e"}, "username": ["jenny.hernandez"], "custom": {"custom_summary_result": "ACCEPTED", "custom_additional_info": "{\"files_feedback\": {\"1.in\": {}}}"}, "archive": {"$oid": "5d1613643ed93c61671ac911"}, "stdout": "", "status": "done", "problems": {}, "stderr": "", "text": "- **Test 1: ACCEPTED**", "taskid": "warmup", "response_type": "rst", "grade": 100.0, "tests": {}}, {"courseid": "group-5", "submitted_on": {"$date": 1561728032186}, "result": "failed", "_id": {"$oid": "5d1614203ed93c61671ac915"}, "input": {"$oid": "5d1614203ed93c61671ac913"}, "username": ["jenny.hernandez"], "custom": {"custom_summary_result": "COMPILATION_ERROR", "custom_additional_info": "{\"compilation_output\": \"Compilation failed.\\nmain.cpp:1:1: error: \\u2018include\\u2019 does not name a type\\n include<iostream>\\r\\n ^\\nmain.cpp: In function \\u2018int main()\\u2019:\\nmain.cpp:7:5: error: \\u2018cin\\u2019 was not declared in this scope\\n     cin>>a;\\r\\n     ^\\nmain.cpp:9:5: error: \\u2018suma\\u2019 was not declared in this scope\\n     suma=a+b;\\r\\n     ^\\nmain.cpp:10:5: error: \\u2018cout\\u2019 was not declared in this scope\\n     cout<< suma<<endl;\\r\\n     ^\\nmain.cpp:10:18: error: \\u2018endl\\u2019 was not declared in this scope\\n     cout<< suma<<endl;\\r\\n                  ^\\n\"}"}, "archive": {"$oid": "5d1614213ed93c61671ac916"}, "stdout": "", "status": "done", "problems": {}, "stderr": "", "text": "**Compilation error**:\n\n\n\n.. raw:: html\n\n\t<pre>Compilation failed.\n\tmain.cpp:1:1: error: \u2018include\u2019 does not name a type\n\t include<iostream>\n\t ^\n\tmain.cpp: In function \u2018int main()\u2019:\n\tmain.cpp:7:5: error: \u2018cin\u2019 was not declared in this scope\n\t     cin>>a;\n\t     ^\n\tmain.cpp:9:5: error: \u2018suma\u2019 was not declared in this scope\n\t     suma=a+b;\n\t     ^\n\tmain.cpp:10:5: error: \u2018cout\u2019 was not declared in this scope\n\t     cout<< suma<<endl;\n\t     ^\n\tmain.cpp:10:18: error: \u2018endl\u2019 was not declared in this scope\n\t     cout<< suma<<endl;\n\t                  ^\n\t</pre>\n\n", "taskid": "jpn1", "response_type": "rst", "grade": 0.0, "tests": {}}, {"courseid": "group-5", "submitted_on": {"$date": 1561728064732}, "result": "failed", "_id": {"$oid": "5d1614403ed93c61671ac91a"}, "input": {"$oid": "5d1614403ed93c61671ac918"}, "username": ["jenny.hernandez"], "custom": {"custom_summary_result": "COMPILATION_ERROR", "custom_additional_info": "{\"compilation_output\": \"Compilation failed.\\nmain.cpp: In function \\u2018int main()\\u2019:\\nmain.cpp:10:5: error: \\u2018suma\\u2019 was not declared in this scope\\n     suma=a+b;\\r\\n     ^\\n\"}"}, "archive": {"$oid": "5d1614423ed93c61671ac91b"}, "stdout": "", "status": "done", "problems": {}, "stderr": "", "text": "**Compilation error**:\n\n\n\n.. raw:: html\n\n\t<pre>Compilation failed.\n\tmain.cpp: In function \u2018int main()\u2019:\n\tmain.cpp:10:5: error: \u2018suma\u2019 was not declared in this scope\n\t     suma=a+b;\n\t     ^\n\t</pre>\n\n", "taskid": "jpn1", "response_type": "rst", "grade": 0.0, "tests": {}}, {"courseid": "group-5", "submitted_on": {"$date": 1561728087170}, "result": "failed", "_id": {"$oid": "5d1614573ed93c61671ac91f"}, "input": {"$oid": "5d1614573ed93c61671ac91d"}, "username": ["jenny.hernandez"], "custom": {"custom_summary_result": "WRONG_ANSWER", "custom_additional_info": "{\"files_feedback\": {\"2.in\": {\"input_file\": \"2.in\", \"stderr\": \"\", \"return_code\": 0, \"stdout\": \"-219\\n\", \"diff\": \"@@ -1 +1,2 @@\\n\\n -219\\n+\"}, \"3.in\": {\"input_file\": \"3.in\", \"stderr\": \"\", \"return_code\": 0, \"stdout\": \"-200\\n\", \"diff\": \"@@ -1 +1,2 @@\\n\\n -200\\n+\"}, \"4.in\": {\"input_file\": \"4.in\", \"stderr\": \"\", \"return_code\": 0, \"stdout\": \"238844644\\n\", \"diff\": \"@@ -1 +1,2 @@\\n\\n 238844644\\n+\"}, \"1.in\": {\"input_file\": \"1.in\", \"stderr\": \"\", \"return_code\": 0, \"stdout\": \"4\\n\", \"diff\": \"@@ -1 +1,2 @@\\n\\n 4\\n+\"}}}"}, "archive": {"$oid": "5d16145c3ed93c61671ac920"}, "stdout": "", "status": "done", "problems": {}, "stderr": "", "text": "- **Test 1: WRONG_ANSWER**\n\n- **Test 2: WRONG_ANSWER**\n\n- **Test 3: WRONG_ANSWER**\n\n- **Test 4: WRONG_ANSWER**", "taskid": "jpn1", "response_type": "rst", "grade": 0.0, "tests": {}}, {"courseid": "group-5", "submitted_on": {"$date": 1561728398919}, "result": "failed", "_id": {"$oid": "5d16158e3ed93c61671ac924"}, "input": {"$oid": "5d16158e3ed93c61671ac922"}, "username": ["edwinleonardo66"], "custom": {"custom_summary_result": "COMPILATION_ERROR", "custom_additional_info": "{\"compilation_output\": \"make: *** No targets specified and no makefile found.  Stop.\\n\"}"}, "archive": {"$oid": "5d1615903ed93c61671ac925"}, "stdout": "", "status": "done", "problems": {}, "stderr": "", "text": "**Compilation error**:\n\n\n\n.. raw:: html\n\n\t<pre>make: *** No targets specified and no makefile found.  Stop.\n\t</pre>\n\n", "taskid": "warmup", "response_type": "rst", "grade": 0.0, "tests": {}}, {"courseid": "group-5", "submitted_on": {"$date": 1561728439249}, "result": "success", "_id": {"$oid": "5d1615b73ed93c61671ac929"}, "input": {"$oid": "5d1615b73ed93c61671ac927"}, "username": ["sebastian.torijano"], "custom": {"custom_summary_result": "ACCEPTED", "custom_additional_info": "{\"files_feedback\": {\"1.in\": {}}}"}, "archive": {"$oid": "5d1615ba3ed93c61671ac92a"}, "stdout": "", "status": "done", "problems": {}, "stderr": "", "text": "- **Test 1: ACCEPTED**", "taskid": "warmup", "response_type": "rst", "grade": 100.0, "tests": {}}, {"courseid": "group-5", "submitted_on": {"$date": 1561728455134}, "result": "success", "_id": {"$oid": "5d1615c73ed93c61671ac92e"}, "input": {"$oid": "5d1615c73ed93c61671ac92c"}, "username": ["jenny.hernandez"], "custom": {"custom_summary_result": "ACCEPTED", "custom_additional_info": "{\"files_feedback\": {\"2.in\": {}, \"4.in\": {}, \"1.in\": {}, \"3.in\": {}}}"}, "archive": {"$oid": "5d1615cb3ed93c61671ac92f"}, "stdout": "", "status": "done", "problems": {}, "stderr": "", "text": "- **Test 1: ACCEPTED**\n\n- **Test 2: ACCEPTED**\n\n- **Test 3: ACCEPTED**\n\n- **Test 4: ACCEPTED**", "taskid": "jpn1", "response_type": "rst", "grade": 100.0, "tests": {}}, {"courseid": "group-5", "submitted_on": {"$date": 1561728470750}, "result": "failed", "_id": {"$oid": "5d1615d63ed93c61671ac933"}, "input": {"$oid": "5d1615d63ed93c61671ac931"}, "username": ["edwinleonardo66"], "custom": {"custom_summary_result": "COMPILATION_ERROR", "custom_additional_info": "{\"compilation_output\": \"g++: error: Multiplicacion.cpp: No such file or directory\\nmake: *** [build] Error 1\\n\"}"}, "archive": {"$oid": "5d1615d83ed93c61671ac934"}, "stdout": "", "status": "done", "problems": {}, "stderr": "", "text": "**Compilation error**:\n\n\n\n.. raw:: html\n\n\t<pre>g++: error: Multiplicacion.cpp: No such file or directory\n\tmake: *** [build] Error 1\n\t</pre>\n\n", "taskid": "warmup", "response_type": "rst", "grade": 0.0, "tests": {}}, {"courseid": "group-5", "submitted_on": {"$date": 1561728512777}, "result": "success", "_id": {"$oid": "5d1616003ed93c61671ac938"}, "input": {"$oid": "5d1616003ed93c61671ac936"}, "username": ["edwinleonardo66"], "custom": {"custom_summary_result": "ACCEPTED", "custom_additional_info": "{\"files_feedback\": {\"1.in\": {}}}"}, "archive": {"$oid": "5d1616033ed93c61671ac939"}, "stdout": "", "status": "done", "problems": {}, "stderr": "", "text": "- **Test 1: ACCEPTED**", "taskid": "warmup", "response_type": "rst", "grade": 100.0, "tests": {}}, {"courseid": "group-5", "submitted_on": {"$date": 1561728563878}, "result": "failed", "_id": {"$oid": "5d1616333ed93c61671ac93d"}, "input": {"$oid": "5d1616333ed93c61671ac93b"}, "username": ["andres.cortez"], "custom": {"custom_summary_result": "COMPILATION_ERROR", "custom_additional_info": "{\"compilation_output\": \"make: *** No targets specified and no makefile found.  Stop.\\n\"}"}, "archive": {"$oid": "5d1616353ed93c61671ac93e"}, "stdout": "", "status": "done", "problems": {}, "stderr": "", "text": "**Compilation error**:\n\n\n\n.. raw:: html\n\n\t<pre>make: *** No targets specified and no makefile found.  Stop.\n\t</pre>\n\n", "taskid": "warmup", "response_type": "rst", "grade": 0.0, "tests": {}}, {"courseid": "group-5", "submitted_on": {"$date": 1561728683567}, "result": "success", "_id": {"$oid": "5d1616ab3ed93c61671ac942"}, "input": {"$oid": "5d1616ab3ed93c61671ac940"}, "username": ["andres.cortez"], "custom": {"custom_summary_result": "ACCEPTED", "custom_additional_info": "{\"files_feedback\": {\"1.in\": {}}}"}, "archive": {"$oid": "5d1616ae3ed93c61671ac943"}, "stdout": "", "status": "done", "problems": {}, "stderr": "", "text": "- **Test 1: ACCEPTED**", "taskid": "warmup", "response_type": "rst", "grade": 100.0, "tests": {}}, {"courseid": "group-5", "submitted_on": {"$date": 1561728899095}, "result": "success", "_id": {"$oid": "5d1617833ed93c61671ac947"}, "input": {"$oid": "5d1617833ed93c61671ac945"}, "username": ["parra.manuel"], "custom": {"custom_summary_result": "ACCEPTED", "custom_additional_info": "{\"files_feedback\": {\"1.in\": {}}}"}, "archive": {"$oid": "5d1617863ed93c61671ac948"}, "stdout": "", "status": "done", "problems": {}, "stderr": "", "text": "- **Test 1: ACCEPTED**", "taskid": "warmup", "response_type": "rst", "grade": 100.0, "tests": {}}, {"courseid": "group-5", "submitted_on": {"$date": 1561728914582}, "result": "success", "_id": {"$oid": "5d1617923ed93c61671ac94c"}, "input": {"$oid": "5d1617923ed93c61671ac94a"}, "username": ["kelly.caranguay"], "custom": {"custom_summary_result": "ACCEPTED", "custom_additional_info": "{\"files_feedback\": {\"1.in\": {}}}"}, "archive": {"$oid": "5d1617953ed93c61671ac94d"}, "stdout": "", "status": "done", "problems": {}, "stderr": "", "text": "- **Test 1: ACCEPTED**", "taskid": "warmup", "response_type": "rst", "grade": 100.0, "tests": {}}, {"courseid": "group-5", "submitted_on": {"$date": 1561729100378}, "result": "failed", "_id": {"$oid": "5d16184c3ed93c61671ac951"}, "input": {"$oid": "5d16184c3ed93c61671ac94f"}, "username": ["daniel.andres.mora"], "custom": {"custom_summary_result": "WRONG_ANSWER", "custom_additional_info": "{\"files_feedback\": {\"3.in\": {\"input_file\": \"3.in\", \"stderr\": \"\", \"stdout\": \"0\", \"return_code\": 0, \"diff\": \"@@ -1 +1 @@\\n\\n--200\\n+0\"}, \"1.in\": {\"input_file\": \"1.in\", \"stderr\": \"\", \"stdout\": \"0\", \"return_code\": 0, \"diff\": \"@@ -1 +1 @@\\n\\n-4\\n+0\"}, \"2.in\": {\"input_file\": \"2.in\", \"stderr\": \"\", \"stdout\": \"0\", \"return_code\": 0, \"diff\": \"@@ -1 +1 @@\\n\\n--219\\n+0\"}, \"4.in\": {\"input_file\": \"4.in\", \"stderr\": \"\", \"stdout\": \"0\", \"return_code\": 0, \"diff\": \"@@ -1 +1 @@\\n\\n-238844644\\n+0\"}}}"}, "archive": {"$oid": "5d1618513ed93c61671ac952"}, "stdout": "", "status": "done", "problems": {}, "stderr": "", "text": "- **Test 1: WRONG_ANSWER**\n\n- **Test 2: WRONG_ANSWER**\n\n- **Test 3: WRONG_ANSWER**\n\n- **Test 4: WRONG_ANSWER**", "taskid": "jpn1", "response_type": "rst", "grade": 0.0, "tests": {}}, {"courseid": "group-5", "submitted_on": {"$date": 1561729126066}, "result": "failed", "_id": {"$oid": "5d1618663ed93c61671ac956"}, "input": {"$oid": "5d1618663ed93c61671ac954"}, "username": ["daniel.andres.mora"], "custom": {"custom_summary_result": "WRONG_ANSWER", "custom_additional_info": "{\"files_feedback\": {\"1.in\": {\"stderr\": \"\", \"return_code\": 0, \"stdout\": \"0\\n\", \"input_file\": \"1.in\", \"diff\": \"@@ -1 +1,2 @@\\n\\n-4\\n+0\\n+\"}, \"3.in\": {\"stderr\": \"\", \"return_code\": 0, \"stdout\": \"0\\n\", \"input_file\": \"3.in\", \"diff\": \"@@ -1 +1,2 @@\\n\\n--200\\n+0\\n+\"}, \"2.in\": {\"stderr\": \"\", \"return_code\": 0, \"stdout\": \"0\\n\", \"input_file\": \"2.in\", \"diff\": \"@@ -1 +1,2 @@\\n\\n--219\\n+0\\n+\"}, \"4.in\": {\"stderr\": \"\", \"return_code\": 0, \"stdout\": \"0\\n\", \"input_file\": \"4.in\", \"diff\": \"@@ -1 +1,2 @@\\n\\n-238844644\\n+0\\n+\"}}}"}, "archive": {"$oid": "5d16186b3ed93c61671ac957"}, "stdout": "", "status": "done", "problems": {}, "stderr": "", "text": "- **Test 1: WRONG_ANSWER**\n\n- **Test 2: WRONG_ANSWER**\n\n- **Test 3: WRONG_ANSWER**\n\n- **Test 4: WRONG_ANSWER**", "taskid": "jpn1", "response_type": "rst", "grade": 0.0, "tests": {}}, {"courseid": "group-5", "submitted_on": {"$date": 1561729146269}, "result": "success", "_id": {"$oid": "5d16187a3ed93c61671ac95b"}, "input": {"$oid": "5d16187a3ed93c61671ac959"}, "username": ["kevin.david.rodriguez"], "custom": {"custom_summary_result": "ACCEPTED", "custom_additional_info": "{\"files_feedback\": {\"1.in\": {}, \"4.in\": {}, \"3.in\": {}, \"2.in\": {}}}"}, "archive": {"$oid": "5d16187f3ed93c61671ac95c"}, "stdout": "", "status": "done", "problems": {}, "stderr": "", "text": "- **Test 1: ACCEPTED**\n\n- **Test 2: ACCEPTED**\n\n- **Test 3: ACCEPTED**\n\n- **Test 4: ACCEPTED**", "taskid": "jpn1", "response_type": "rst", "grade": 100.0, "tests": {}}, {"courseid": "group-5", "submitted_on": {"$date": 1561729155953}, "result": "failed", "_id": {"$oid": "5d1618833ed93c61671ac960"}, "input": {"$oid": "5d1618833ed93c61671ac95e"}, "username": ["daniel.andres.mora"], "custom": {"custom_summary_result": "WRONG_ANSWER", "custom_additional_info": "{\"files_feedback\": {\"1.in\": {\"input_file\": \"1.in\", \"stdout\": \"4\\n\", \"return_code\": 0, \"diff\": \"@@ -1 +1,2 @@\\n\\n 4\\n+\", \"stderr\": \"\"}, \"3.in\": {\"input_file\": \"3.in\", \"stdout\": \"-200\\n\", \"return_code\": 0, \"diff\": \"@@ -1 +1,2 @@\\n\\n -200\\n+\", \"stderr\": \"\"}, \"4.in\": {\"input_file\": \"4.in\", \"stdout\": \"238844644\\n\", \"return_code\": 0, \"diff\": \"@@ -1 +1,2 @@\\n\\n 238844644\\n+\", \"stderr\": \"\"}, \"2.in\": {\"input_file\": \"2.in\", \"stdout\": \"-219\\n\", \"return_code\": 0, \"diff\": \"@@ -1 +1,2 @@\\n\\n -219\\n+\", \"stderr\": \"\"}}}"}, "archive": {"$oid": "5d1618883ed93c61671ac961"}, "stdout": "", "status": "done", "problems": {}, "stderr": "", "text": "- **Test 1: WRONG_ANSWER**\n\n- **Test 2: WRONG_ANSWER**\n\n- **Test 3: WRONG_ANSWER**\n\n- **Test 4: WRONG_ANSWER**", "taskid": "jpn1", "response_type": "rst", "grade": 0.0, "tests": {}}, {"courseid": "group-5", "submitted_on": {"$date": 1561729179964}, "result": "failed", "_id": {"$oid": "5d16189b3ed93c61671ac965"}, "input": {"$oid": "5d16189b3ed93c61671ac963"}, "username": ["daniel.andres.mora"], "custom": {"custom_summary_result": "WRONG_ANSWER", "custom_additional_info": "{\"files_feedback\": {\"4.in\": {\"input_file\": \"4.in\", \"return_code\": 0, \"stdout\": \"238844644\\n\", \"stderr\": \"\", \"diff\": \"@@ -1 +1,2 @@\\n\\n 238844644\\n+\"}, \"3.in\": {\"input_file\": \"3.in\", \"return_code\": 0, \"stdout\": \"-200\\n\", \"stderr\": \"\", \"diff\": \"@@ -1 +1,2 @@\\n\\n -200\\n+\"}, \"2.in\": {\"input_file\": \"2.in\", \"return_code\": 0, \"stdout\": \"-219\\n\", \"stderr\": \"\", \"diff\": \"@@ -1 +1,2 @@\\n\\n -219\\n+\"}, \"1.in\": {\"input_file\": \"1.in\", \"return_code\": 0, \"stdout\": \"4\\n\", \"stderr\": \"\", \"diff\": \"@@ -1 +1,2 @@\\n\\n 4\\n+\"}}}"}, "archive": {"$oid": "5d1618a13ed93c61671ac966"}, "stdout": "", "status": "done", "problems": {}, "stderr": "", "text": "- **Test 1: WRONG_ANSWER**\n\n- **Test 2: WRONG_ANSWER**\n\n- **Test 3: WRONG_ANSWER**\n\n- **Test 4: WRONG_ANSWER**", "taskid": "jpn1", "response_type": "rst", "grade": 0.0, "tests": {}}, {"courseid": "group-5", "submitted_on": {"$date": 1561729221064}, "result": "success", "_id": {"$oid": "5d1618c53ed93c61671ac96a"}, "input": {"$oid": "5d1618c53ed93c61671ac968"}, "username": ["daniel.andres.mora"], "custom": {"custom_summary_result": "ACCEPTED", "custom_additional_info": "{\"files_feedback\": {\"1.in\": {}, \"4.in\": {}, \"3.in\": {}, \"2.in\": {}}}"}, "archive": {"$oid": "5d1618ca3ed93c61671ac96b"}, "stdout": "", "status": "done", "problems": {}, "stderr": "", "text": "- **Test 1: ACCEPTED**\n\n- **Test 2: ACCEPTED**\n\n- **Test 3: ACCEPTED**\n\n- **Test 4: ACCEPTED**", "taskid": "jpn1", "response_type": "rst", "grade": 100.0, "tests": {}}, {"courseid": "group-5", "submitted_on": {"$date": 1561729295331}, "result": "success", "_id": {"$oid": "5d16190f3ed93c61671ac96f"}, "input": {"$oid": "5d16190f3ed93c61671ac96d"}, "username": ["kevin.david.rodriguez"], "custom": {"custom_summary_result": "ACCEPTED", "custom_additional_info": "{\"files_feedback\": {\"1.in\": {}}}"}, "archive": {"$oid": "5d1619123ed93c61671ac970"}, "stdout": "", "status": "done", "problems": {}, "stderr": "", "text": "- **Test 1: ACCEPTED**", "taskid": "factor", "response_type": "rst", "grade": 100.0, "tests": {}}, {"courseid": "group-5", "submitted_on": {"$date": 1561729369817}, "result": "success", "_id": {"$oid": "5d1619593ed93c61671ac974"}, "input": {"$oid": "5d1619593ed93c61671ac972"}, "username": ["salamanca.julian"], "custom": {"custom_summary_result": "ACCEPTED", "custom_additional_info": "{\"files_feedback\": {\"3.in\": {}, \"4.in\": {}, \"1.in\": {}, \"2.in\": {}}}"}, "archive": {"$oid": "5d16195e3ed93c61671ac975"}, "stdout": "", "status": "done", "problems": {}, "stderr": "", "text": "- **Test 1: ACCEPTED**\n\n- **Test 2: ACCEPTED**\n\n- **Test 3: ACCEPTED**\n\n- **Test 4: ACCEPTED**", "taskid": "jpn1", "response_type": "rst", "grade": 100.0, "tests": {}}, {"courseid": "group-5", "submitted_on": {"$date": 1561737685939}, "result": "success", "_id": {"$oid": "5d1639d53ed93c61671ac979"}, "input": {"$oid": "5d1639d53ed93c61671ac977"}, "username": ["lina.guamanga"], "custom": {"custom_summary_result": "ACCEPTED", "custom_additional_info": "{\"files_feedback\": {\"3.in\": {}, \"2.in\": {}, \"1.in\": {}, \"4.in\": {}}}"}, "archive": {"$oid": "5d1639da3ed93c61671ac97a"}, "stdout": "", "status": "done", "problems": {}, "stderr": "", "text": "- **Test 1: ACCEPTED**\n\n- **Test 2: ACCEPTED**\n\n- **Test 3: ACCEPTED**\n\n- **Test 4: ACCEPTED**", "taskid": "jpn1", "response_type": "rst", "grade": 100.0, "tests": {}}, {"courseid": "group-5", "submitted_on": {"$date": 1561738443961}, "result": "failed", "_id": {"$oid": "5d163ccb3ed93c61671ac97e"}, "input": {"$oid": "5d163ccb3ed93c61671ac97c"}, "username": ["lina.guamanga"], "custom": {"custom_summary_result": "COMPILATION_ERROR", "custom_additional_info": "{\"compilation_output\": \"Factor.cpp:2:20: fatal error: Factor.h: No such file or directory\\n #include <Factor.h>\\n                    ^\\ncompilation terminated.\\nmake: *** [build] Error 1\\n\"}"}, "archive": {"$oid": "5d163cce3ed93c61671ac97f"}, "stdout": "", "status": "done", "problems": {}, "stderr": "", "text": "**Compilation error**:\n\n\n\n.. raw:: html\n\n\t<pre>Factor.cpp:2:20: fatal error: Factor.h: No such file or directory\n\t #include <Factor.h>\n\t                    ^\n\tcompilation terminated.\n\tmake: *** [build] Error 1\n\t</pre>\n\n", "taskid": "factor", "response_type": "rst", "grade": 0.0, "tests": {}}, {"courseid": "group-5", "submitted_on": {"$date": 1561738506744}, "result": "failed", "_id": {"$oid": "5d163d0a3ed93c61671ac983"}, "input": {"$oid": "5d163d0a3ed93c61671ac981"}, "username": ["lina.guamanga"], "custom": {"custom_summary_result": "WRONG_ANSWER", "custom_additional_info": "{\"files_feedback\": {\"1.in\": {\"stdout\": \"3\", \"diff\": \"@@ -1,2 +1 @@\\n\\n 3\\n-\", \"return_code\": 0, \"input_file\": \"1.in\", \"stderr\": \"\"}}}"}, "archive": {"$oid": "5d163d0d3ed93c61671ac984"}, "stdout": "", "status": "done", "problems": {}, "stderr": "", "text": "- **Test 1: WRONG_ANSWER**", "taskid": "factor", "response_type": "rst", "grade": 0.0, "tests": {}}, {"courseid": "group-5", "submitted_on": {"$date": 1561738632432}, "result": "failed", "_id": {"$oid": "5d163d883ed93c61671ac988"}, "input": {"$oid": "5d163d883ed93c61671ac986"}, "username": ["lina.guamanga"], "custom": {"custom_summary_result": "WRONG_ANSWER", "custom_additional_info": "{\"files_feedback\": {\"1.in\": {\"stdout\": \"3\", \"stderr\": \"\", \"input_file\": \"1.in\", \"return_code\": 0, \"diff\": \"@@ -1,2 +1 @@\\n\\n 3\\n-\"}}}"}, "archive": {"$oid": "5d163d8b3ed93c61671ac989"}, "stdout": "", "status": "done", "problems": {}, "stderr": "", "text": "- **Test 1: WRONG_ANSWER**", "taskid": "factor", "response_type": "rst", "grade": 0.0, "tests": {}}, {"courseid": "group-5", "submitted_on": {"$date": 1561738718197}, "result": "success", "_id": {"$oid": "5d163dde3ed93c61671ac98d"}, "input": {"$oid": "5d163dde3ed93c61671ac98b"}, "username": ["parra.manuel"], "custom": {"custom_summary_result": "ACCEPTED", "custom_additional_info": "{\"files_feedback\": {\"1.in\": {}}}"}, "archive": {"$oid": "5d163de13ed93c61671ac98e"}, "stdout": "", "status": "done", "problems": {}, "stderr": "", "text": "- **Test 1: ACCEPTED**", "taskid": "factor", "response_type": "rst", "grade": 100.0, "tests": {}}, {"courseid": "group-5", "submitted_on": {"$date": 1561738784404}, "result": "failed", "_id": {"$oid": "5d163e203ed93c61671ac992"}, "input": {"$oid": "5d163e203ed93c61671ac990"}, "username": ["lina.guamanga"], "custom": {"custom_summary_result": "WRONG_ANSWER", "custom_additional_info": "{\"files_feedback\": {\"1.in\": {\"input_file\": \"1.in\", \"stdout\": \"3\", \"return_code\": 0, \"diff\": \"@@ -1,2 +1 @@\\n\\n 3\\n-\", \"stderr\": \"\"}}}"}, "archive": {"$oid": "5d163e233ed93c61671ac993"}, "stdout": "", "status": "done", "problems": {}, "stderr": "", "text": "- **Test 1: WRONG_ANSWER**", "taskid": "factor", "response_type": "rst", "grade": 0.0, "tests": {}}, {"courseid": "group-5", "submitted_on": {"$date": 1561738810403}, "result": "success", "_id": {"$oid": "5d163e3a3ed93c61671ac997"}, "input": {"$oid": "5d163e3a3ed93c61671ac995"}, "username": ["parra.manuel"], "custom": {"custom_summary_result": "ACCEPTED", "custom_additional_info": "{\"files_feedback\": {\"3.in\": {}, \"2.in\": {}, \"1.in\": {}, \"4.in\": {}}}"}, "archive": {"$oid": "5d163e3f3ed93c61671ac998"}, "stdout": "", "status": "done", "problems": {}, "stderr": "", "text": "- **Test 1: ACCEPTED**\n\n- **Test 2: ACCEPTED**\n\n- **Test 3: ACCEPTED**\n\n- **Test 4: ACCEPTED**", "taskid": "jpn1", "response_type": "rst", "grade": 100.0, "tests": {}}, {"courseid": "group-5", "submitted_on": {"$date": 1561767018576}, "result": "failed", "_id": {"$oid": "5d16ac6a3ed93c61671ac99c"}, "input": {"$oid": "5d16ac6a3ed93c61671ac99a"}, "username": ["salamanca.julian"], "custom": {"custom_summary_result": "WRONG_ANSWER", "custom_additional_info": "{\"files_feedback\": {\"1.in\": {\"input_file\": \"1.in\", \"diff\": \"@@ -1,2 +1 @@\\n\\n 3\\n-\", \"stderr\": \"\", \"return_code\": 0, \"stdout\": \"3\"}}}"}, "archive": {"$oid": "5d16ac6d3ed93c61671ac99d"}, "stdout": "", "status": "done", "problems": {}, "stderr": "", "text": "- **Test 1: WRONG_ANSWER**", "taskid": "factor", "response_type": "rst", "grade": 0.0, "tests": {}}, {"courseid": "group-5", "submitted_on": {"$date": 1561767471604}, "result": "failed", "_id": {"$oid": "5d16ae2f3ed93c61671ac9a1"}, "input": {"$oid": "5d16ae2f3ed93c61671ac99f"}, "username": ["salamanca.julian"], "custom": {"custom_summary_result": "WRONG_ANSWER", "custom_additional_info": "{\"files_feedback\": {\"1.in\": {\"return_code\": 0, \"stderr\": \"\", \"input_file\": \"1.in\", \"stdout\": \"3\", \"diff\": \"@@ -1,2 +1 @@\\n\\n 3\\n-\"}}}"}, "archive": {"$oid": "5d16ae323ed93c61671ac9a2"}, "stdout": "", "status": "done", "problems": {}, "stderr": "", "text": "- **Test 1: WRONG_ANSWER**", "taskid": "factor", "response_type": "rst", "grade": 0.0, "tests": {}}, {"courseid": "group-5", "submitted_on": {"$date": 1561820880103}, "result": "failed", "_id": {"$oid": "5d177ed03ed93c61671ac9a6"}, "input": {"$oid": "5d177ed03ed93c61671ac9a4"}, "username": ["carlos.hidalgo"], "custom": {"custom_summary_result": "COMPILATION_ERROR", "custom_additional_info": "{\"compilation_output\": \"Compilation failed.\\nmain.cpp: In function \\u2018int main()\\u2019:\\nmain.cpp:7:8: error: no match for \\u2018operator<<\\u2019 (operand types are \\u2018std::istream {aka std::basic_istream<char>}\\u2019 and \\u2018int\\u2019)\\n     cin<<a;\\n        ^\\nmain.cpp:7:8: note: candidates are:\\nIn file included from /usr/include/c++/4.8.2/string:52:0,\\n                 from /usr/include/c++/4.8.2/bits/locale_classes.h:40,\\n                 from /usr/include/c++/4.8.2/bits/ios_base.h:41,\\n                 from /usr/include/c++/4.8.2/ios:42,\\n                 from /usr/include/c++/4.8.2/ostream:38,\\n                 from /usr/include/c++/4.8.2/iostream:39,\\n                 from main.cpp:1:\\n/usr/include/c++/4.8.2/bits/basic_string.h:2753:5: note: template<class _CharT, class _Traits, class _Alloc> std::basic_ostream<_CharT, _Traits>& std::operator<<(std::basic_ostream<_CharT, _Traits>&, const std::basic_string<_CharT, _Traits, _Alloc>&)\\n     operator<<(basic_ostream<_CharT, _Traits>& __os,\\n     ^\\n/usr/include/c++/4.8.2/bits/basic_string.h:2753:5: note:   template argument deduction/substitution failed:\\nmain.cpp:7:10: note:   \\u2018std::istream {aka std::basic_istream<char>}\\u2019 is not derived from \\u2018std::basic_ostream<_CharT, _Traits>\\u2019\\n     cin<<a;\\n          ^\\nIn file included from /usr/include/c++/4.8.2/iostream:39:0,\\n                 from main.cpp:1:\\n/usr/include/c++/4.8.2/ostream:471:5: note: template<class _CharT, class _Traits> std::basic_ostream<_CharT, _Traits>& std::operator<<(std::basic_ostream<_CharT, _Traits>&, _CharT)\\n     operator<<(basic_ostream<_CharT, _Traits>& __out, _CharT __c)\\n     ^\\n/usr/include/c++/4.8.2/ostream:471:5: note:   template argument deduction/substitution failed:\\nmain.cpp:7:10: note:   \\u2018std::istream {aka std::basic_istream<char>}\\u2019 is not derived from \\u2018std::basic_ostream<_CharT, _Traits>\\u2019\\n     cin<<a;\\n          ^\\nIn file included from /usr/include/c++/4.8.2/iostream:39:0,\\n                 from main.cpp:1:\\n/usr/include/c++/4.8.2/ostream:476:5: note: template<class _CharT, class _Traits> std::basic_ostream<_CharT, _Traits>& std::operator<<(std::basic_ostream<_CharT, _Traits>&, char)\\n     operator<<(basic_ostream<_CharT, _Traits>& __out, char __c)\\n     ^\\n/usr/include/c++/4.8.2/ostream:476:5: note:   template argument deduction/substitution failed:\\nmain.cpp:7:10: note:   \\u2018std::istream {aka std::basic_istream<char>}\\u2019 is not derived from \\u2018std::basic_ostream<_CharT, _Traits>\\u2019\\n     cin<<a;\\n          ^\\nIn file included from /usr/include/c++/4.8.2/iostream:39:0,\\n                 from main.cpp:1:\\n/usr/include/c++/4.8.2/ostream:482:5: note: template<class _Traits> std::basic_ostream<char, _Traits>& std::operator<<(std::basic_ostream<char, _Traits>&, char)\\n     operator<<(basic_ostream<char, _Traits>& __out, char __c)\\n     ^\\n/usr/include/c++/4.8.2/ostream:482:5: note:   template argument deduction/substitution failed:\\nmain.cpp:7:10: note:   \\u2018std::istream {aka std::basic_istream<char>}\\u2019 is not derived from \\u2018std::basic_ostream<char, _Traits>\\u2019\\n     cin<<a;\\n          ^\\nIn file included from /usr/include/c++/4.8.2/iostream:39:0,\\n                 from main.cpp:1:\\n/usr/include/c++/4.8.2/ostream:488:5: note: template<class _Traits> std::basic_ostream<char, _Traits>& std::operator<<(std::basic_ostream<char, _Traits>&, signed char)\\n     operator<<(basic_ostream<char, _Traits>& __out, signed char __c)\\n     ^\\n/usr/include/c++/4.8.2/ostream:488:5: note:   template argument deduction/substitution failed:\\nmain.cpp:7:10: note:   \\u2018std::istream {aka std::basic_istream<char>}\\u2019 is not derived from \\u2018std::basic_ostream<char, _Traits>\\u2019\\n     cin<<a;\\n          ^\\nIn file included from /usr/include/c++/4.8.2/iostream:39:0,\\n                 from main.cpp:1:\\n/usr/include/c++/4.8.2/ostream:493:5: note: template<class _Traits> std::basic_ostream<char, _Traits>& std::operator<<(std::basic_ostream<char, _Traits>&, unsigned char)\\n     operator<<(basic_ostream<char, _Traits>& __out, unsigned char __c)\\n     ^\\n/usr/include/c++/4.8.2/ostream:493:5: note:   template argument deduction/substitution failed:\\nmain.cpp:7:10: note:   \\u2018std::istream {aka std::basic_istream<char>}\\u2019 is not derived from \\u2018std::basic_ostream<char, _Traits>\\u2019\\n     cin<<a;\\n          ^\\nIn file included from /usr/include/c++/4.8.2/iostream:39:0,\\n                 from main.cpp:1:\\n/usr/include/c++/4.8.2/ostream:513:5: note: template<class _CharT, class _Traits> std::basic_ostream<_CharT, _Traits>& std::operator<<(std::basic_ostream<_CharT, _Traits>&, const _CharT*)\\n     operator<<(basic_ostream<_CharT, _Traits>& __out, const _CharT* __s)\\n     ^\\n/usr/include/c++/4.8.2/ostream:513:5: note:   template argument deduction/substitution failed:\\nmain.cpp:7:10: note:   \\u2018std::istream {aka std::basic_istream<char>}\\u2019 is not derived from \\u2018std::basic_ostream<_CharT, _Traits>\\u2019\\n     cin<<a;\\n          ^\\nIn file included from /usr/include/c++/4.8.2/ostream:612:0,\\n                 from /usr/include/c++/4.8.2/iostream:39,\\n                 from main.cpp:1:\\n/usr/include/c++/4.8.2/bits/ostream.tcc:321:5: note: template<class _CharT, class _Traits> std::basic_ostream<_CharT, _Traits>& std::operator<<(std::basic_ostream<_CharT, _Traits>&, const char*)\\n     operator<<(basic_ostream<_CharT, _Traits>& __out, const char* __s)\\n     ^\\n/usr/include/c++/4.8.2/bits/ostream.tcc:321:5: note:   template argument deduction/substitution failed:\\nmain.cpp:7:10: note:   \\u2018std::istream {aka std::basic_istream<char>}\\u2019 is not derived from \\u2018std::basic_ostream<_CharT, _Traits>\\u2019\\n     cin<<a;\\n          ^\\nIn file included from /usr/include/c++/4.8.2/iostream:39:0,\\n                 from main.cpp:1:\\n/usr/include/c++/4.8.2/ostream:530:5: note: template<class _Traits> std::basic_ostream<char, _Traits>& std::operator<<(std::basic_ostream<char, _Traits>&, const char*)\\n     operator<<(basic_ostream<char, _Traits>& __out, const char* __s)\\n     ^\\n/usr/include/c++/4.8.2/ostream:530:5: note:   template argument deduction/substitution failed:\\nmain.cpp:7:10: note:   \\u2018std::istream {aka std::basic_istream<char>}\\u2019 is not derived from \\u2018std::basic_ostream<char, _Traits>\\u2019\\n     cin<<a;\\n          ^\\nIn file included from /usr/include/c++/4.8.2/iostream:39:0,\\n                 from main.cpp:1:\\n/usr/include/c++/4.8.2/ostream:543:5: note: template<class _Traits> std::basic_ostream<char, _Traits>& std::operator<<(std::basic_ostream<char, _Traits>&, const signed char*)\\n     operator<<(basic_ostream<char, _Traits>& __out, const signed char* __s)\\n     ^\\n/usr/include/c++/4.8.2/ostream:543:5: note:   template argument deduction/substitution failed:\\nmain.cpp:7:10: note:   \\u2018std::istream {aka std::basic_istream<char>}\\u2019 is not derived from \\u2018std::basic_ostream<char, _Traits>\\u2019\\n     cin<<a;\\n          ^\\nIn file included from /usr/include/c++/4.8.2/iostream:39:0,\\n                 from main.cpp:1:\\n/usr/include/c++/4.8.2/ostream:548:5: note: template<class _Traits> std::basic_ostream<char, _Traits>& std::operator<<(std::basic_ostream<char, _Traits>&, const unsigned char*)\\n     operator<<(basic_ostream<char, _Traits>& __out, const unsigned char* __s)\\n     ^\\n/usr/include/c++/4.8.2/ostream:548:5: note:   template argument deduction/substitution failed:\\nmain.cpp:7:10: note:   \\u2018std::istream {aka std::basic_istream<char>}\\u2019 is not derived from \\u2018std::basic_ostream<char, _Traits>\\u2019\\n     cin<<a;\\n          ^\\nmain.cpp:8:8: error: no match for \\u2018operator<<\\u2019 (operand types are \\u2018std::istream {aka std::basic_istream<char>}\\u2019 and \\u2018int\\u2019)\\n     cin<<b;\\n        ^\\nmain.cpp:8:8: note: candidates are:\\nIn file included from /usr/include/c++/4.8.2/string:52:0,\\n                 from /usr/include/c++/4.8.2/bits/locale_classes.h:40,\\n                 from /usr/include/c++/4.8.2/bits/ios_base.h:41,\\n                 from /usr/include/c++/4.8.2/ios:42,\\n                 from /usr/include/c++/4.8.2/ostream:38,\\n                 from /usr/include/c++/4.8.2/iostream:39,\\n                 from main.cpp:1:\\n/usr/include/c++/4.8.2/bits/basic_string.h:2753:5: note: template<class _CharT, class _Traits, class _Alloc> std::basic_ostream<_CharT, _Traits>& std::operator<<(std::basic_ostream<_CharT, _Traits>&, const std::basic_string<_CharT, _Traits, _Alloc>&)\\n     operator<<(basic_ostream<_CharT, _Traits>& __os,\\n     ^\\n/usr/include/c++/4.8.2/bits/basic_string.h:2753:5: note:   template argument deduction/substitution failed:\\nmain.cpp:8:10: note:   \\u2018std::istream {aka std::basic_istream<char>}\\u2019 is not derived from \\u2018std::basic_ostream<_CharT, _Traits>\\u2019\\n     cin<<b;\\n          ^\\nIn file included from /usr/include/c++/4.8.2/iostream:39:0,\\n                 from main.cpp:1:\\n/usr/include/c++/4.8.2/ostream:471:5: note: template<class _CharT, class _Traits> std::basic_ostream<_CharT, _Traits>& std::operator<<(std::basic_ostream<_CharT, _Traits>&, _CharT)\\n     operator<<(basic_ostream<_CharT, _Traits>& __out, _CharT __c)\\n     ^\\n/usr/include/c++/4.8.2/ostream:471:5: note:   template argument deduction/substitution failed:\\nmain.cpp:8:10: note:   \\u2018std::istream {aka std::basic_istream<char>}\\u2019 is not derived from \\u2018std::basic_ostream<_CharT, _Traits>\\u2019\\n     cin<<b;\\n          ^\\nIn file included from /usr/include/c++/4.8.2/iostream:39:0,\\n                 from main.cpp:1:\\n/usr/include/c++/4.8.2/ostream:476:5: note: template<class _CharT, class _Traits> std::basic_ostream<_CharT, _Traits>& std::operator<<(std::basic_ostream<_CharT, _Traits>&, char)\\n     operator<<(basic_ostream<_CharT, _Traits>& __out, char __c)\\n     ^\\n/usr/include/c++/4.8.2/ostream:476:5: note:   template argument deduction/substitution failed:\\nmain.cpp:8:10: note:   \\u2018std::istream {aka std::basic_istream<char>}\\u2019 is not derived from \\u2018std::basic_ostream<_CharT, _Traits>\\u2019\\n     cin<<b;\\n          ^\\nIn file included from /usr/include/c++/4.8.2/iostream:39:0,\\n                 from main.cpp:1:\\n/usr/include/c++/4.8.2/ostream:482:5: note: template<class _Traits> std::basic_ostream<char, _Traits>& std::operator<<(std::basic_ostream<char, _Traits>&, char)\\n     operator<<(basic_ostream<char, _Traits>& __out, char __c)\\n     ^\\n/usr/include/c++/4.8.2/ostream:482:5: note:   template argument deduction/substitution failed:\\nmain.cpp:8:10: note:   \\u2018std::istream {aka std::basic_istream<char>}\\u2019 is not derived from \\u2018std::basic_ostream<char, _Traits>\\u2019\\n     cin<<b;\\n          ^\\nIn file included from /usr/include/c++/4.8.2/iostream:39:0,\\n                 from main.cpp:1:\\n/usr/include/c++/4.8.2/ostream:488:5: note: template<class _Traits> std::basic_ostream<char, _Traits>& std::operator<<(std::basic_ostream<char, _Traits>&, signed char)\\n     operator<<(basic_ostream<char, _Traits>& __out, signed char __c)\\n     ^\\n/usr/include/c++/4.8.2/ostream:488:5: note:   template argument deduction/substitution failed:\\nmain.cpp:8:10: note:   \\u2018std::istream {aka std::basic_istream<char>}\\u2019 is not derived from \\u2018std::basic_ostream<char, _Traits>\\u2019\\n     cin<<b;\\n          ^\\nIn file included from /usr/include/c++/4.8.2/iostream:39:0,\\n                 from main.cpp:1:\\n/usr/include/c++/4.8.2/ostream:493:5: note: template<class _Traits> std::basic_ostream<char, _Traits>& std::operator<<(std::basic_ostream<char, _Traits>&, unsigned char)\\n     operator<<(basic_ostream<char, _Traits>& __out, unsigned char __c)\\n     ^\\n/usr/include/c++/4.8.2/ostream:493:5: note:   template argument deduction/substitution failed:\\nmain.cpp:8:10: note:   \\u2018std::istream {aka std::basic_istream<char>}\\u2019 is not derived from \\u2018std::basic_ostream<char, _Traits>\\u2019\\n     cin<<b;\\n          ^\\nIn file included from /usr/include/c++/4.8.2/iostream:39:0,\\n                 from main.cpp:1:\\n/usr/include/c++/4.8.2/ostream:513:5: note: template<class _CharT, class _Traits> std::basic_ostream<_CharT, _Traits>& std::operator<<(std::basic_ostream<_CharT, _Traits>&, const _CharT*)\\n     operator<<(basic_ostream<_CharT, _Traits>& __out, const _CharT* __s)\\n     ^\\n/usr/include/c++/4.8.2/ostream:513:5: note:   template argument deduction/substitution failed:\\nmain.cpp:8:10: note:   \\u2018std::istream {aka std::basic_istream<char>}\\u2019 is not derived from \\u2018std::basic_ostream<_CharT, _Traits>\\u2019\\n     cin<<b;\\n          ^\\nIn file included from /usr/include/c++/4.8.2/ostream:612:0,\\n                 from /usr/include/c++/4.8.2/iostream:39,\\n                 from main.cpp:1:\\n/usr/include/c++/4.8.2/bits/ostream.tcc:321:5: note: template<class _CharT, class _Traits> std::basic_ostream<_CharT, _Traits>& std::operator<<(std::basic_ostream<_CharT, _Traits>&, const char*)\\n     operator<<(basic_ostream<_CharT, _Traits>& __out, const char* __s)\\n     ^\\n/usr/include/c++/4.8.2/bits/ostream.tcc:321:5: note:   template argument deduction/substitution failed:\\nmain.cpp:8:10: note:   \\u2018std::istream {aka std::basic_istream<char>}\\u2019 is not derived from \\u2018std::basic_ostream<_CharT, _Traits>\\u2019\\n     cin<<b;\\n          ^\\nIn file included from /usr/include/c++/4.8.2/iostream:39:0,\\n                 from main.cpp:1:\\n/usr/include/c++/4.8.2/ostream:530:5: note: template<class _Traits> std::basic_ostream<char, _Traits>& std::operator<<(std::basic_ostream<char, _Traits>&, const char*)\\n     operator<<(basic_ostream<char, _Traits>& __out, const char* __s)\\n     ^\\n/usr/include/c++/4.8.2/ostream:530:5: note:   template argument deduction/substitution failed:\\nmain.cpp:8:10: note:   \\u2018std::istream {aka std::basic_istream<char>}\\u2019 is not derived from \\u2018std::basic_ostream<char, _Traits>\\u2019\\n     cin<<b;\\n          ^\\nIn file included from /usr/include/c++/4.8.2/iostream:39:0,\\n                 from main.cpp:1:\\n/usr/include/c++/4.8.2/ostream:543:5: note: template<class _Traits> std::basic_ostream<char, _Traits>& std::operator<<(std::basic_ostream<char, _Traits>&, const signed char*)\\n     operator<<(basic_ostream<char, _Traits>& __out, const signed char* __s)\\n     ^\\n/usr/include/c++/4.8.2/ostream:543:5: note:   template argument deduction/substitution failed:\\nmain.cpp:8:10: note:   \\u2018std::istream {aka std::basic_istream<char>}\\u2019 is not derived from \\u2018std::basic_ostream<char, _Traits>\\u2019\\n     cin<<b;\\n          ^\\nIn file included from /usr/include/c++/4.8.2/iostream:39:0,\\n                 from main.cpp:1:\\n/usr/include/c++/4.8.2/ostream:548:5: note: template<class _Traits> std::basic_ostream<char, _Traits>& std::operator<<(std::basic_ostream<char, _Traits>&, const unsigned char*)\\n     operator<<(basic_ostream<char, _Traits>& __out, const unsigned char* __s)\\n     ^\\n/usr/include/c++/4.8.2/ostream:548:5: note:   template argument deduction/substitution failed:\\nmain.cpp:8:10: note:   \\u2018std::istream {aka std::basic_istream<char>}\\u2019 is not derived from \\u2018std::basic_ostream<char, _Traits>\\u2019\\n     cin<<b;\\n          ^\\nmain.cpp:10:1: error: expected \\u2018;\\u2019 before \\u2018}\\u2019 token\\n }\\n ^\\n\"}"}, "archive": {"$oid": "5d177ed23ed93c61671ac9a7"}, "stdout": "", "status": "done", "problems": {}, "stderr": "", "text": "**Compilation error**:\n\n\n\n.. raw:: html\n\n\t<pre>Compilation failed.\n\tmain.cpp: In function \u2018int main()\u2019:\n\tmain.cpp:7:8: error: no match for \u2018operator<<\u2019 (operand types are \u2018std::istream {aka std::basic_istream<char>}\u2019 and \u2018int\u2019)\n\t     cin<<a;\n\t        ^\n\tmain.cpp:7:8: note: candidates are:\n\tIn file included from /usr/include/c++/4.8.2/string:52:0,\n\t                 from /usr/include/c++/4.8.2/bits/locale_classes.h:40,\n\t                 from /usr/include/c++/4.8.2/bits/ios_base.h:41,\n\t                 from /usr/include/c++/4.8.2/ios:42,\n\t                 from /usr/include/c++/4.8.2/ostream:38,\n\t                 from /usr/include/c++/4.8.2/iostream:39,\n\t                 from main.cpp:1:\n\t/usr/include/c++/4.8.2/bits/basic_string.h:2753:5: note: template<class _CharT, class _Traits, class _Alloc> std::basic_ostream<_CharT, _Traits>& std::operator<<(std::basic_ostream<_CharT, _Traits>&, const std::basic_string<_CharT, _Traits, _Alloc>&)\n\t     operator<<(basic_ostream<_CharT, _Traits>& __os,\n\t     ^\n\t/usr/include/c++/4.8.2/bits/basic_string.h:2753:5: note:   template argument deduction/substitution failed:\n\tmain.cpp:7:10: note:   \u2018std::istream {aka std::basic_istream<char>}\u2019 is not derived from \u2018std::basic_ostream<_CharT, _Traits>\u2019\n\t     cin<<a;\n\t          ^\n\tIn file included from /usr/include/c++/4.8.2/iostream:39:0,\n\t                 from main.cpp:1:\n\t/usr/include/c++/4.8.2/ostream:471:5: note: template<class _CharT, class _Traits> std::basic_ostream<_CharT, _Traits>& std::operator<<(std::basic_ostream<_CharT, _Traits>&, _CharT)\n\t     operator<<(basic_ostream<_CharT, _Traits>& __out, _CharT __c)\n\t     ^\n\t/usr/include/c++/4.8.2/ostream:471:5: note:   template argument deduction/substitution failed:\n\tmain.cpp:7:10: note:   \u2018std::istream {aka std::basic_istream<char>}\u2019 is not derived from \u2018std::basic_ostream<_CharT, _Traits>\u2019\n\t     cin<<a;\n\t          ^\n\tIn file included from /usr/include/c++/4.8.2/iostream:39:0,\n\t                 from main.cpp:1:\n\t/usr/include/c++/4.8.2/ostream:476:5: note: template<class _CharT, class _Traits> std::basic_ostream<_CharT, _Traits>& std::operator<<(std::basic_ostream<_CharT, _Traits>&, char)\n\t     operator<<(basic_ostream<_CharT, _Traits>& __out, char __c)\n\t     ^\n\t/usr/include/c++/4.8.2/ostream:476:5: note:   template argument deduction/substitution failed:\n\tmain.cpp:7:10: note:   \u2018std::istream {aka std::basic_istream<char>}\u2019 is not derived from \u2018std::basic_ostream<_CharT, _Traits>\u2019\n\t     cin<<a;\n\t          ^\n\tIn file included from /usr/include/c++/4.8.2/iostream:39:0,\n\t                 from main.cpp:1:\n\t/usr/include/c++/4.8.2/ostream:482:5: note: template<class _Traits> std::basic_ostream<char, _Traits>& std::operator<<(std::basic_ostream<char, _Traits>&, char)\n\t     operator<<(basic_ostream<char, _Traits>& __out, char __c)\n\t     ^\n\t/usr/include/c++/4.8.2/ostream:482:5: note:   template argument deduction/substitution failed:\n\tmain.cpp:7:10: note:   \u2018std::istream {aka std::basic_istream<char>}\u2019 is not derived from \u2018std::basic_ostream<char, _Traits>\u2019\n\t     cin<<a;\n\t          ^\n\tIn file included from /usr/include/c++/4.8.2/iostream:39:0,\n\t                 from main.cpp:1:\n\t/usr/include/c++/4.8.2/ostream:488:5: note: template<class _Traits> std::basic_ostream<char, _Traits>& std::operator<<(std::basic_ostream<char, _Traits>&, signed char)\n\t     operator<<(basic_ostream<char, _Traits>& __out, signed char __c)\n\t     ^\n\t/usr/include/c++/4.8.2/ostream:488:5: note:   template argument deduction/substitution failed:\n\tmain.cpp:7:10: note:   \u2018std::istream {aka std::basic_istream<char>}\u2019 is not derived from \u2018std::basic_ostream<char, _Traits>\u2019\n\t     cin<<a;\n\t          ^\n\tIn file included from /usr/include/c++/4.8.2/iostream:39:0,\n\t                 from main.cpp:1:\n\t/usr/include/c++/4.8.2/ostream:493:5: note: template<class _Traits> std::basic_ostream<char, _Traits>& std::operator<<(std::basic_ostream<char, _Traits>&, unsigned char)\n\t     operator<<(basic_ostream<char, _Traits>& __out, unsigned char __c)\n\t     ^\n\t/usr/include/c++/4.8.2/ostream:493:5: note:   template argument deduction/substitution failed:\n\tmain.cpp:7:10: note:   \u2018std::istream {aka std::basic_istream<char>}\u2019 is not derived from \u2018std::basic_ostream<char, _Traits>\u2019\n\t     cin<<a;\n\t          ^\n\tIn file included from /usr/include/c++/4.8.2/iostream:39:0,\n\t                 from main.cpp:1:\n\t/usr/include/c++/4.8.2/ostream:513:5: note: template<class _CharT, class _Traits> std::basic_ostream<_CharT, _Traits>& std::operator<<(std::basic_ostream<_CharT, _Traits>&, const _CharT*)\n\t     operator<<(basic_ostream<_CharT, _Traits>& __out, const _CharT* __s)\n\t     ^\n\t/usr/include/c++/4.8.2/ostream:513:5: note:   template argument deduction/substitution failed:\n\tmain.cpp:7:10: note:   \u2018std::istream {aka std::basic_istream<char>}\u2019 is not derived from \u2018std::basic_ostream<_CharT, _Traits>\u2019\n\t     cin<<a;\n\t          ^\n\tIn file included from /usr/include/c++/4.8.2/ostream:612:0,\n\t                 from /usr/include/c++/4.8.2/iostream:39,\n\t                 from main.cpp:1:\n\t/usr/include/c++/4.8.2/bits/ostream.tcc:321:5: note: template<class _CharT, class _Traits> std::basic_ostream<_CharT, _Traits>& std::operator<<(std::basic_ostream<_CharT, _Traits>&, const char*)\n\t     operator<<(basic_ostream<_CharT, _Traits>& __out, const char* __s)\n\t     ^\n\t/usr/include/c++/4.8.2/bits/ostream.tcc:321:5: note:   template argument deduction/substitution failed:\n\tmain.cpp:7:10: note:   \u2018std::istream {aka std::basic_istream<char>}\u2019 is not derived from \u2018std::basic_ostream<_CharT, _Traits>\u2019\n\t     cin<<a;\n\t          ^\n\tIn file included from /usr/include/c++/4.8.2/iostream:39:0,\n\t                 from main.cpp:1:\n\t/usr/include/c++/4.8.2/ostream:530:5: note: template<class _Traits> std::basic_ostream<char, _Traits>& std::operator<<(std::basic_ostream<char, _Traits>&, const char*)\n\t     operator<<(basic_ostream<char, _Traits>& __out, const char* __s)\n\t     ^\n\t/usr/include/c++/4.8.2/ostream:530:5: note:   template argument deduction/substitution failed:\n\tmain.cpp:7:10: note:   \u2018std::istream {aka std::basic_istream<char>}\u2019 is not derived from \u2018std::basic_ostream<char, _Traits>\u2019\n\t     cin<<a;\n\t          ^\n\tIn file included from /usr/include/c++/4.8.2/iostream:39:0,\n\t                 from main.cpp:1:\n\t/usr/include/c++/4.8.2/ostream:543:5: note: template<class _Traits> std::basic_ostream<char, _Traits>& std::operator<<(std::basic_ostream<char, _Traits>&, const signed char*)\n\t     operator<<(basic_ostream<char, _Traits>& __out, const signed char* __s)\n\t     ^\n\t/usr/include/c++/4.8.2/ostream:543:5: note:   template argument deduction/substitution failed:\n\tmain.cpp:7:10: note:   \u2018std::istream {aka std::basic_istream<char>}\u2019 is not derived from \u2018std::basic_ostream<char, _Traits>\u2019\n\t     cin<<a;\n\t          ^\n\tIn file included from /usr/include/c++/4.8.2/iostream:39:0,\n\t                 from main.cpp:1:\n\t/usr/include/c++/4.8.2/ostream:548:5: note: template<class _Traits> std::basic_ostream<char, _Traits>& std::operator<<(std::basic_ostream<char, _Traits>&, const unsigned char*)\n\t     operator<<(basic_ostream<char, _Traits>& __out, const unsigned char* __s)\n\t     ^\n\t/usr/include/c++/4.8.2/ostream:548:5: note:   template argument deduction/substitution failed:\n\tmain.cpp:7:10: note:   \u2018std::istream {aka std::basic_istream<char>}\u2019 is not derived from \u2018std::basic_ostream<char, _Traits>\u2019\n\t     cin<<a;\n\t          ^\n\tmain.cpp:8:8: error: no match for \u2018operator<<\u2019 (operand types are \u2018std::istream {aka std::basic_istream<char>}\u2019 and \u2018int\u2019)\n\t     cin<<b;\n\t        ^\n\tmain.cpp:8:8: note: candidates are:\n\tIn file included from /usr/include/c++/4.8.2/string:52:0,\n\t                 from /usr/include/c++/4.8.2/bits/locale_classes.h:40,\n\t                 from /usr/include/c++/4.8.2/bits/ios_base.h:41,\n\t                 from /usr/include/c++/4.8.2/ios:42,\n\t                 from /usr/include/c++/4.8.2/ostream:38,\n\t                 from /usr/include/c++/4.8.2/iostream:39,\n\t                 from main.cpp:1:\n\t/usr/include/c++/4.8.2/bits/basic_string.h:2753:5: note: template<class _CharT, class _Traits, class _Alloc> std::basic_ostream<_CharT, _Traits>& std::operator<<(std::basic_ostream<_CharT, _Traits>&, const std::basic_string<_CharT, _Traits, _Alloc>&)\n\t     operator<<(basic_ostream<_CharT, _Traits>& __os,\n\t     ^\n\t/usr/include/c++/4.8.2/bits/basic_string.h:2753:5: note:   template argument deduction/substitution failed:\n\tmain.cpp:8:10: note:   \u2018std::istream {aka std::basic_istream<char>}\u2019 is not derived from \u2018std::basic_ostream<_CharT, _Traits>\u2019\n\t     cin<<b;\n\t          ^\n\tIn file included from /usr/include/c++/4.8.2/iostream:39:0,\n\t                 from main.cpp:1:\n\t/usr/include/c++/4.8.2/ostream:471:5: note: template<class _CharT, class _Traits> std::basic_ostream<_CharT, _Traits>& std::operator<<(std::basic_ostream<_CharT, _Traits>&, _CharT)\n\t     operator<<(basic_ostream<_CharT, _Traits>& __out, _CharT __c)\n\t     ^\n\t/usr/include/c++/4.8.2/ostream:471:5: note:   template argument deduction/substitution failed:\n\tmain.cpp:8:10: note:   \u2018std::istream {aka std::basic_istream<char>}\u2019 is not derived from \u2018std::basic_ostream<_CharT, _Traits>\u2019\n\t     cin<<b;\n\t          ^\n\tIn file included from /usr/include/c++/4.8.2/iostream:39:0,\n\t                 from main.cpp:1:\n\t/usr/include/c++/4.8.2/ostream:476:5: note: template<class _CharT, class _Traits> std::basic_ostream<_CharT, _Traits>& std::operator<<(std::basic_ostream<_CharT, _Traits>&, char)\n\t     operator<<(basic_ostream<_CharT, _Traits>& __out, char __c)\n\t     ^\n\t/usr/include/c++/4.8.2/ostream:476:5: note:   template argument deduction/substitution failed:\n\tmain.cpp:8:10: note:   \u2018std::istream {aka std::basic_istream<char>}\u2019 is not derived from \u2018std::basic_ostream<_CharT, _Traits>\u2019\n\t     cin<<b;\n\t          ^\n\tIn file included from /usr/include/c++/4.8.2/iostream:39:0,\n\t                 from main.cpp:1:\n\t/usr/include/c++/4.8.2/ostream:482:5: note: template<class _Traits> std::basic_ostream<char, _Traits>& std::operator<<(std::basic_ostream<char, _Traits>&, char)\n\t     operator<<(basic_ostream<char, _Traits>& __out, char __c)\n\t     ^\n\t/usr/include/c++/4.8.2/ostream:482:5: note:   template argument deduction/substitution failed:\n\tmain.cpp:8:10: note:   \u2018std::istream {aka std::basic_istream<char>}\u2019 is not derived from \u2018std::basic_ostream<char, _Traits>\u2019\n\t     cin<<b;\n\t          ^\n\tIn file included from /usr/include/c++/4.8.2/iostream:39:0,\n\t                 from main.cpp:1:\n\t/usr/include/c++/4.8.2/ostream:488:5: note: template<class _Traits> std::basic_ostream<char, _Traits>& std::operator<<(std::basic_ostream<char, _Traits>&, signed char)\n\t     operator<<(basic_ostream<char, _Traits>& __out, signed char __c)\n\t     ^\n\t/usr/include/c++/4.8.2/ostream:488:5: note:   template argument deduction/substitution failed:\n\tmain.cpp:8:10: note:   \u2018std::istream {aka std::basic_istream<char>}\u2019 is not derived from \u2018std::basic_ostream<char, _Traits>\u2019\n\t     cin<<b;\n\t          ^\n\tIn file included from /usr/include/c++/4.8.2/iostream:39:0,\n\t                 from main.cpp:1:\n\t/usr/include/c++/4.8.2/ostream:493:5: note: template<class _Traits> std::basic_ostream<char, _Traits>& std::operator<<(std::basic_ostream<char, _Traits>&, unsigned char)\n\t     operator<<(basic_ostream<char, _Traits>& __out, unsigned char __c)\n\t     ^\n\t/usr/include/c++/4.8.2/ostream:493:5: note:   template argument deduction/substitution failed:\n\tmain.cpp:8:10: note:   \u2018std::istream {aka std::basic_istream<char>}\u2019 is not derived from \u2018std::basic_ostream<char, _Traits>\u2019\n\t     cin<<b;\n\t          ^\n\tIn file included from /usr/include/c++/4.8.2/iostream:39:0,\n\t                 from main.cpp:1:\n\t/usr/include/c++/4.8.2/ostream:513:5: note: template<class _CharT, class _Traits> std::basic_ostream<_CharT, _Traits>& std::operator<<(std::basic_ostream<_CharT, _Traits>&, const _CharT*)\n\t     operator<<(basic_ostream<_CharT, _Traits>& __out, const _CharT* __s)\n\t     ^\n\t/usr/include/c++/4.8.2/ostream:513:5: note:   template argument deduction/substitution failed:\n\tmain.cpp:8:10: note:   \u2018std::istream {aka std::basic_istream<char>}\u2019 is not derived from \u2018std::basic_ostream<_CharT, _Traits>\u2019\n\t     cin<<b;\n\t          ^\n\tIn file included from /usr/include/c++/4.8.2/ostream:612:0,\n\t                 from /usr/include/c++/4.8.2/iostream:39,\n\t                 from main.cpp:1:\n\t/usr/include/c++/4.8.2/bits/ostream.tcc:321:5: note: template<class _CharT, class _Traits> std::basic_ostream<_CharT, _Traits>& std::operator<<(std::basic_ostream<_CharT, _Traits>&, const char*)\n\t     operator<<(basic_ostream<_CharT, _Traits>& __out, const char* __s)\n\t     ^\n\t/usr/include/c++/4.8.2/bits/ostream.tcc:321:5: note:   template argument deduction/substitution failed:\n\tmain.cpp:8:10: note:   \u2018std::istream {aka std::basic_istream<char>}\u2019 is not derived from \u2018std::basic_ostream<_CharT, _Traits>\u2019\n\t     cin<<b;\n\t          ^\n\tIn file included from /usr/include/c++/4.8.2/iostream:39:0,\n\t                 from main.cpp:1:\n\t/usr/include/c++/4.8.2/ostream:530:5: note: template<class _Traits> std::basic_ostream<char, _Traits>& std::operator<<(std::basic_ostream<char, _Traits>&, const char*)\n\t     operator<<(basic_ostream<char, _Traits>& __out, const char* __s)\n\t     ^\n\t/usr/include/c++/4.8.2/ostream:530:5: note:   template argument deduction/substitution failed:\n\tmain.cpp:8:10: note:   \u2018std::istream {aka std::basic_istream<char>}\u2019 is not derived from \u2018std::basic_ostream<char, _Traits>\u2019\n\t     cin<<b;\n\t          ^\n\tIn file included from /usr/include/c++/4.8.2/iostream:39:0,\n\t                 from main.cpp:1:\n\t/usr/include/c++/4.8.2/ostream:543:5: note: template<class _Traits> std::basic_ostream<char, _Traits>& std::operator<<(std::basic_ostream<char, _Traits>&, const signed char*)\n\t     operator<<(basic_ostream<char, _Traits>& __out, const signed char* __s)\n\t     ^\n\t/usr/include/c++/4.8.2/ostream:543:5: note:   template argument deduction/substitution failed:\n\tmain.cpp:8:10: note:   \u2018std::istream {aka std::basic_istream<char>}\u2019 is not derived from \u2018std::basic_ostream<char, _Traits>\u2019\n\t     cin<<b;\n\t          ^\n\tIn file included from /usr/include/c++/4.8.2/iostream:39:0,\n\t                 from main.cpp:1:\n\t/usr/include/c++/4.8.2/ostream:548:5: note: template<class _Traits> std::basic_ostream<char, _Traits>& std::operator<<(std::basic_ostream<char, _Traits>&, const unsigned char*)\n\t     operator<<(basic_ostream<char, _Traits>& __out, const unsigned char* __s)\n\t     ^\n\t/usr/include/c++/4.8.2/ostream:548:5: note:   template argument deduction/substitution failed:\n\tmain.cpp:8:10: note:   \u2018std::istream {aka std::basic_istream<char>}\u2019 is not derived from \u2018std::basic_ostream<char, _Traits>\u2019\n\t     cin<<b;\n\t          ^\n\tmain.cpp:10:1: error: expected \u2018;\u2019 before \u2018}\u2019 token\n\t }\n\t ^\n\t</pre>\n\n", "taskid": "jpn1", "response_type": "rst", "grade": 0.0, "tests": {}}, {"courseid": "group-5", "submitted_on": {"$date": 1561821130382}, "result": "success", "_id": {"$oid": "5d177fca3ed93c61671ac9ab"}, "input": {"$oid": "5d177fca3ed93c61671ac9a9"}, "username": ["carlos.hidalgo"], "custom": {"custom_summary_result": "ACCEPTED", "custom_additional_info": "{\"files_feedback\": {\"4.in\": {}, \"1.in\": {}, \"2.in\": {}, \"3.in\": {}}}"}, "archive": {"$oid": "5d177fcf3ed93c61671ac9ac"}, "stdout": "", "status": "done", "problems": {}, "stderr": "", "text": "- **Test 1: ACCEPTED**\n\n- **Test 2: ACCEPTED**\n\n- **Test 3: ACCEPTED**\n\n- **Test 4: ACCEPTED**", "taskid": "jpn1", "response_type": "rst", "grade": 100.0, "tests": {}}]