[{"tried": 0, "succeeded": false, "courseid": "group-5", "_id": {"$oid": "5d159fd79d5e0a9bc9f6b83e"}, "username": "superadmin", "submissionid": null, "grade": 0.0, "taskid": "MadameMedina"}, {"tried": 1, "succeeded": true, "courseid": "group-5", "tokens": {"amount": 1}, "_id": {"$oid": "5d15aac9d0a2c50bfcddbe93"}, "username": "parra.manuel", "submissionid": {"$oid": "5d163dde3ed93c61671ac98d"}, "grade": 100.0, "taskid": "factor"}, {"tried": 0, "succeeded": false, "courseid": "group-5", "_id": {"$oid": "5d15aba2d0a2c50bfcddc08b"}, "username": "carlos.hidalgo", "submissionid": null, "grade": 0.0, "taskid": "factor"}, {"tried": 2, "succeeded": false, "courseid": "group-5", "tokens": {"amount": 2}, "_id": {"$oid": "5d160503d0a2c50bfcddef37"}, "username": "salamanca.julian", "submissionid": {"$oid": "5d16ae2f3ed93c61671ac9a1"}, "grade": 0.0, "taskid": "factor"}, {"tried": 2, "succeeded": false, "courseid": "group-5", "tokens": {"amount": 2}, "_id": {"$oid": "5d160679d0a2c50bfcddf4b1"}, "username": "andres.galvis", "submissionid": {"$oid": "5d160e4f3ed93c61671ac87a"}, "grade": 0.0, "taskid": "factor"}, {"tried": 0, "succeeded": false, "courseid": "group-5", "_id": {"$oid": "5d160a1dd0a2c50bfcde0a41"}, "username": "santiago.barreneche", "submissionid": null, "grade": 0.0, "taskid": "factor"}, {"tried": 0, "succeeded": false, "courseid": "group-5", "_id": {"$oid": "5d160ab0d0a2c50bfcde0bf5"}, "username": "edwinleonardo66", "submissionid": null, "grade": 0.0, "taskid": "factor"}, {"tried": 0, "succeeded": false, "courseid": "group-5", "_id": {"$oid": "5d1613a70ad14599c989517b"}, "username": "jenny.hernandez", "submissionid": null, "grade": 0.0, "taskid": "factor"}, {"tried": 0, "succeeded": false, "courseid": "group-5", "_id": {"$oid": "5d1616c70ad14599c989565c"}, "username": "andres.cortez", "submissionid": null, "grade": 0.0, "taskid": "factor"}, {"tried": 0, "succeeded": false, "courseid": "group-5", "_id": {"$oid": "5d1617840ad14599c98957dc"}, "username": "daniel.andres.mora", "submissionid": null, "grade": 0.0, "taskid": "factor"}, {"tried": 1, "succeeded": true, "courseid": "group-5", "tokens": {"amount": 1}, "_id": {"$oid": "5d1617df0ad14599c989596c"}, "username": "kevin.david.rodriguez", "submissionid": {"$oid": "5d16190f3ed93c61671ac96f"}, "grade": 100.0, "taskid": "factor"}, {"tried": 0, "succeeded": false, "courseid": "group-5", "_id": {"$oid": "5d1619e90ad14599c98960a8"}, "username": "sebastian.torijano", "submissionid": null, "grade": 0.0, "taskid": "factor"}, {"tried": 4, "succeeded": false, "courseid": "group-5", "tokens": {"amount": 4}, "_id": {"$oid": "5d1639eb0ad14599c9896ff5"}, "username": "lina.guamanga", "submissionid": {"$oid": "5d163e203ed93c61671ac992"}, "grade": 0.0, "taskid": "factor"}, {"tried": 0, "succeeded": false, "courseid": "group-5", "_id": {"$oid": "5d177cf30ad14599c989f6f4"}, "username": "superadmin", "submissionid": null, "grade": 0.0, "taskid": "factor"}, {"tried": 0, "succeeded": false, "courseid": "group-5", "_id": {"$oid": "5d1603b7d0a2c50bfcddee73"}, "username": "sebastian.torijano", "submissionid": null, "grade": 0.0, "taskid": "jpn1"}, {"tried": 1, "succeeded": true, "courseid": "group-5", "tokens": {"amount": 1}, "_id": {"$oid": "5d160510d0a2c50bfcddef60"}, "username": "lina.guamanga", "submissionid": {"$oid": "5d1639d53ed93c61671ac979"}, "grade": 100.0, "taskid": "jpn1"}, {"tried": 1, "succeeded": true, "courseid": "group-5", "tokens": {"amount": 1}, "_id": {"$oid": "5d1605a0d0a2c50bfcddf053"}, "username": "salamanca.julian", "submissionid": {"$oid": "5d1619593ed93c61671ac974"}, "grade": 100.0, "taskid": "jpn1"}, {"tried": 4, "succeeded": true, "courseid": "group-5", "tokens": {"amount": 4}, "_id": {"$oid": "5d1605fed0a2c50bfcddf17a"}, "username": "jenny.hernandez", "submissionid": {"$oid": "5d1615c73ed93c61671ac92e"}, "grade": 100.0, "taskid": "jpn1"}, {"tried": 0, "succeeded": false, "courseid": "group-5", "_id": {"$oid": "5d160ab4d0a2c50bfcde0c1a"}, "username": "edwinleonardo66", "submissionid": null, "grade": 0.0, "taskid": "jpn1"}, {"tried": 5, "succeeded": true, "courseid": "group-5", "tokens": {"amount": 5}, "_id": {"$oid": "5d1617dd0ad14599c98958e8"}, "username": "daniel.andres.mora", "submissionid": {"$oid": "5d1618c53ed93c61671ac96a"}, "grade": 100.0, "taskid": "jpn1"}, {"tried": 1, "succeeded": true, "courseid": "group-5", "tokens": {"amount": 1}, "_id": {"$oid": "5d1617fb0ad14599c98959ee"}, "username": "kevin.david.rodriguez", "submissionid": {"$oid": "5d16187a3ed93c61671ac95b"}, "grade": 100.0, "taskid": "jpn1"}, {"tried": 1, "succeeded": true, "courseid": "group-5", "tokens": {"amount": 1}, "_id": {"$oid": "5d163df10ad14599c9897364"}, "username": "parra.manuel", "submissionid": {"$oid": "5d163e3a3ed93c61671ac997"}, "grade": 100.0, "taskid": "jpn1"}, {"tried": 2, "succeeded": true, "courseid": "group-5", "tokens": {"amount": 2}, "_id": {"$oid": "5d177e5a0ad14599c989f928"}, "username": "carlos.hidalgo", "submissionid": {"$oid": "5d177fca3ed93c61671ac9ab"}, "grade": 100.0, "taskid": "jpn1"}, {"tried": 0, "succeeded": false, "courseid": "group-5", "_id": {"$oid": "5d1780040ad14599c989fae4"}, "username": "superadmin", "submissionid": null, "grade": 0.0, "taskid": "jpn1"}, {"tried": 0, "succeeded": false, "courseid": "group-5", "_id": {"$oid": "5d15a0059d5e0a9bc9f6b871"}, "username": "superadmin", "submissionid": null, "grade": 0.0, "taskid": "warmup"}, {"tried": 3, "succeeded": true, "courseid": "group-5", "tokens": {"amount": 3}, "_id": {"$oid": "5d160365d0a2c50bfcddeb2d"}, "username": "kevin.david.rodriguez", "submissionid": {"$oid": "5d16104a3ed93c61671ac8ac"}, "grade": 100.0, "taskid": "warmup"}, {"tried": 6, "succeeded": true, "courseid": "group-5", "tokens": {"amount": 6}, "_id": {"$oid": "5d16038ed0a2c50bfcddec58"}, "username": "andres.galvis", "submissionid": {"$oid": "5d16130f3ed93c61671ac909"}, "grade": 100.0, "taskid": "warmup"}, {"tried": 3, "succeeded": true, "courseid": "group-5", "tokens": {"amount": 3}, "_id": {"$oid": "5d1603a6d0a2c50bfcdded6e"}, "username": "armando.ruiz", "submissionid": {"$oid": "5d1612e33ed93c61671ac901"}, "grade": 100.0, "taskid": "warmup"}, {"tried": 10, "succeeded": true, "courseid": "group-5", "tokens": {"amount": 10}, "_id": {"$oid": "5d1603b5d0a2c50bfcddee29"}, "username": "santiago.barreneche", "submissionid": {"$oid": "5d16130f3ed93c61671ac906"}, "grade": 100.0, "taskid": "warmup"}, {"tried": 4, "succeeded": true, "courseid": "group-5", "tokens": {"amount": 4}, "_id": {"$oid": "5d160596d0a2c50bfcddefb9"}, "username": "lina.guamanga", "submissionid": {"$oid": "5d1611c83ed93c61671ac8ed"}, "grade": 100.0, "taskid": "warmup"}, {"tried": 1, "succeeded": true, "courseid": "group-5", "tokens": {"amount": 1}, "_id": {"$oid": "5d16059bd0a2c50bfcddf00a"}, "username": "salamanca.julian", "submissionid": {"$oid": "5d1612a03ed93c61671ac8fc"}, "grade": 100.0, "taskid": "warmup"}, {"tried": 3, "succeeded": true, "courseid": "group-5", "tokens": {"amount": 3}, "_id": {"$oid": "5d160608d0a2c50bfcddf21d"}, "username": "daniel.andres.mora", "submissionid": {"$oid": "5d1611203ed93c61671ac8ca"}, "grade": 100.0, "taskid": "warmup"}, {"tried": 1, "succeeded": true, "courseid": "group-5", "tokens": {"amount": 1}, "_id": {"$oid": "5d160610d0a2c50bfcddf244"}, "username": "jenny.hernandez", "submissionid": {"$oid": "5d1613613ed93c61671ac910"}, "grade": 100.0, "taskid": "warmup"}, {"tried": 1, "succeeded": true, "courseid": "group-5", "tokens": {"amount": 1}, "_id": {"$oid": "5d160683d0a2c50bfcddf52c"}, "username": "parra.manuel", "submissionid": {"$oid": "5d1617833ed93c61671ac947"}, "grade": 100.0, "taskid": "warmup"}, {"tried": 1, "succeeded": true, "courseid": "group-5", "tokens": {"amount": 1}, "_id": {"$oid": "5d160687d0a2c50bfcddf569"}, "username": "kelly.caranguay", "submissionid": {"$oid": "5d1617923ed93c61671ac94c"}, "grade": 100.0, "taskid": "warmup"}, {"tried": 2, "succeeded": true, "courseid": "group-5", "tokens": {"amount": 2}, "_id": {"$oid": "5d1606c5d0a2c50bfcddf725"}, "username": "mateo.obando", "submissionid": {"$oid": "5d1610aa3ed93c61671ac8c0"}, "grade": 100.0, "taskid": "warmup"}, {"tried": 1, "succeeded": true, "courseid": "group-5", "tokens": {"amount": 1}, "_id": {"$oid": "5d160865d0a2c50bfcde02d9"}, "username": "lasso.julian", "submissionid": {"$oid": "5d1612503ed93c61671ac8f7"}, "grade": 100.0, "taskid": "warmup"}, {"tried": 1, "succeeded": true, "courseid": "group-5", "tokens": {"amount": 1}, "_id": {"$oid": "5d160929d0a2c50bfcde07ea"}, "username": "sebastian.torijano", "submissionid": {"$oid": "5d1615b73ed93c61671ac929"}, "grade": 100.0, "taskid": "warmup"}, {"tried": 1, "succeeded": true, "courseid": "group-5", "tokens": {"amount": 1}, "_id": {"$oid": "5d160949d0a2c50bfcde08a4"}, "username": "gutierrez.santiago", "submissionid": {"$oid": "5d160d983ed93c61671ac86b"}, "grade": 100.0, "taskid": "warmup"}, {"tried": 0, "succeeded": false, "courseid": "group-5", "_id": {"$oid": "5d160ba10ad14599c9893e04"}, "username": "carlos.hidalgo", "submissionid": null, "grade": 0.0, "taskid": "warmup"}, {"tried": 3, "succeeded": true, "courseid": "group-5", "tokens": {"amount": 3}, "_id": {"$oid": "5d160c6a0ad14599c989401f"}, "username": "edwinleonardo66", "submissionid": {"$oid": "5d1616003ed93c61671ac938"}, "grade": 100.0, "taskid": "warmup"}, {"tried": 2, "succeeded": true, "courseid": "group-5", "tokens": {"amount": 2}, "_id": {"$oid": "5d160f6d0ad14599c9894723"}, "username": "andres.cortez", "submissionid": {"$oid": "5d1616ab3ed93c61671ac942"}, "grade": 100.0, "taskid": "warmup"}]