[{"description": "GrupoA", "groups": [{"size": 5, "students": []}], "_id": {"$oid": "5d1ed680a93064f260af4522"}, "default": false, "courseid": "group-5", "students": ["andres.cortez", "andres.galvis", "armando.ruiz", "daniel.andres.mora", "edwinleonardo66", "jenny.hernandez", "vasquez.jhon", "salamanca.julian", "lasso.julian", "kelly.caranguay", "kevin.david.rodriguez", "lina.guamanga", "parra.manuel", "mateo.obando", "gutierrez.santiago", "santiago.barreneche", "sebastian.torijano"], "tutors": ["victor.bucheli"]}, {"description": "Default classroom", "groups": [], "_id": {"$oid": "5d1f7340a93064f260af4611"}, "default": true, "courseid": "group-5", "students": ["carlos.hidalgo", "kevin.tobar"], "tutors": []}]