[{"courseid": "group-5", "tokens": {"amount": 8}, "_id": {"$oid": "5d2637844ecc940eac43dd68"}, "tried": 8, "grade": 100.0, "username": "superadmin", "succeeded": true, "submissionid": {"$oid": "5d263a00c8856b7267bef1cf"}, "taskid": "Archivos"}, {"courseid": "group-5", "tokens": {"amount": 2}, "_id": {"$oid": "5d2677244ecc940eac44055b"}, "tried": 2, "grade": 100.0, "username": "sebastian.torijano", "succeeded": true, "submissionid": {"$oid": "5d31d80795d4deeb10d063e7"}, "taskid": "Archivos"}, {"courseid": "group-5", "tokens": {"amount": 5}, "_id": {"$oid": "5d270f014ecc940eac444c0d"}, "tried": 5, "grade": 100.0, "username": "lina.guamanga", "succeeded": true, "submissionid": {"$oid": "5d31bf3b95d4deeb10d06283"}, "taskid": "Archivos"}, {"courseid": "group-5", "tokens": {"amount": 4}, "_id": {"$oid": "5d27b0024ecc940eac449ce1"}, "tried": 4, "grade": 100.0, "username": "kevin.david.rodriguez", "succeeded": true, "submissionid": {"$oid": "5d31ba5a95d4deeb10d061f7"}, "taskid": "Archivos"}, {"courseid": "group-5", "tokens": {"amount": 2}, "_id": {"$oid": "5d27f9934ecc940eac44d895"}, "tried": 2, "grade": 100.0, "username": "daniel.andres.mora", "succeeded": true, "submissionid": {"$oid": "5d31d62995d4deeb10d063ba"}, "taskid": "Archivos"}, {"courseid": "group-5", "tokens": {"amount": 13}, "_id": {"$oid": "5d28a5e34ecc940eac453c74"}, "tried": 13, "grade": 100.0, "username": "santiago.barreneche", "succeeded": true, "submissionid": {"$oid": "5d31c2a795d4deeb10d062dd"}, "taskid": "Archivos"}, {"courseid": "group-5", "tokens": {"amount": 3}, "_id": {"$oid": "5d28a8984ecc940eac454124"}, "tried": 3, "grade": 100.0, "username": "salamanca.julian", "succeeded": true, "submissionid": {"$oid": "5d2a4336c8856b7267bef459"}, "taskid": "Archivos"}, {"courseid": "group-5", "_id": {"$oid": "5d28acd84ecc940eac4545fd"}, "tried": 0, "grade": 0.0, "username": "kelly.caranguay", "succeeded": false, "submissionid": null, "taskid": "Archivos"}, {"courseid": "group-5", "_id": {"$oid": "5d2d15164ecc940eac4773fb"}, "tried": 0, "grade": 0.0, "username": "andres.cortez", "succeeded": false, "submissionid": null, "taskid": "Archivos"}, {"courseid": "group-5", "tokens": {"amount": 6}, "_id": {"$oid": "5d30a0d04ecc940eac490b09"}, "tried": 6, "grade": 0.0, "username": "jenny.hernandez", "succeeded": false, "submissionid": {"$oid": "5d31f75995d4deeb10d06499"}, "taskid": "Archivos"}, {"courseid": "group-5", "tokens": {"amount": 13}, "_id": {"$oid": "5d312e8f4ecc940eac4a12c5"}, "tried": 13, "grade": 0.0, "username": "edwinleonardo66", "succeeded": false, "submissionid": {"$oid": "5d3f73698a5de95c6ba09765"}, "taskid": "Archivos"}, {"grade": 100.0, "tokens": {"amount": 5}, "_id": {"$oid": "5d31bb8b4ecc940eac4a8543"}, "taskid": "Archivos", "courseid": "group-5", "username": "gutierrez.santiago", "succeeded": true, "tried": 5, "submissionid": {"$oid": "5d3200ba95d4deeb10d064f8"}}, {"grade": 0.0, "_id": {"$oid": "5d31c8ea4ecc940eac4ab280"}, "taskid": "Archivos", "courseid": "group-5", "username": "vasquez.jhon", "succeeded": false, "tried": 0, "submissionid": null}, {"grade": 0.0, "_id": {"$oid": "5d31eab24ecc940eac4af039"}, "taskid": "Archivos", "courseid": "group-5", "username": "armando.ruiz", "succeeded": false, "tried": 0, "submissionid": null}, {"courseid": "group-5", "tokens": {"amount": 2}, "_id": {"$oid": "5d405680d9b2a1adf27cb73c"}, "tried": 2, "grade": 0.0, "username": "parra.manuel", "succeeded": false, "submissionid": {"$oid": "5d472fe2af1635ab1d1c7694"}, "taskid": "Archivos"}, {"courseid": "group-5", "_id": {"$oid": "5d4065d3d9b2a1adf27cbf9c"}, "tried": 0, "grade": 0.0, "username": "mateo.obando", "succeeded": false, "submissionid": null, "taskid": "Archivos"}, {"courseid": "group-5", "tokens": {"amount": 1}, "_id": {"$oid": "5d476afd663646f8872eb83f"}, "tried": 1, "grade": 0.0, "username": "lasso.julian", "succeeded": false, "submissionid": {"$oid": "5d477740af1635ab1d1c7703"}, "taskid": "Archivos"}, {"courseid": "group-5", "_id": {"$oid": "5d159fd79d5e0a9bc9f6b83e"}, "tried": 0, "grade": 0.0, "username": "superadmin", "taskid": "MadameMedina", "succeeded": false, "submissionid": null}, {"courseid": "group-5", "tokens": {"amount": 8}, "_id": {"$oid": "5d274a0c4ecc940eac4467ad"}, "tried": 8, "grade": 100.0, "username": "lina.guamanga", "succeeded": true, "submissionid": {"$oid": "5d31bafd95d4deeb10d06201"}, "taskid": "MadameMedina"}, {"courseid": "group-5", "tokens": {"amount": 6}, "_id": {"$oid": "5d278c984ecc940eac448dff"}, "tried": 6, "grade": 100.0, "username": "sebastian.torijano", "succeeded": true, "submissionid": {"$oid": "5d31be12ca981192dc59744f"}, "taskid": "MadameMedina"}, {"courseid": "group-5", "tokens": {"amount": 1}, "_id": {"$oid": "5d27f9794ecc940eac44d825"}, "tried": 1, "grade": 100.0, "username": "daniel.andres.mora", "succeeded": true, "submissionid": {"$oid": "5d31cf3c95d4deeb10d06390"}, "taskid": "MadameMedina"}, {"courseid": "group-5", "tokens": {"amount": 7}, "_id": {"$oid": "5d2889ca4ecc940eac451d44"}, "tried": 7, "grade": 100.0, "username": "kevin.david.rodriguez", "succeeded": true, "submissionid": {"$oid": "5d31b9ca95d4deeb10d061ed"}, "taskid": "MadameMedina"}, {"courseid": "group-5", "tokens": {"amount": 2}, "_id": {"$oid": "5d288abc4ecc940eac451edd"}, "tried": 2, "grade": 0.0, "username": "andres.galvis", "succeeded": false, "submissionid": {"$oid": "5d31e41d95d4deeb10d06462"}, "taskid": "MadameMedina"}, {"courseid": "group-5", "_id": {"$oid": "5d2897c04ecc940eac452f4f"}, "tried": 0, "grade": 0.0, "username": "jenny.hernandez", "succeeded": false, "submissionid": null, "taskid": "MadameMedina"}, {"courseid": "group-5", "tokens": {"amount": 1}, "_id": {"$oid": "5d28a88e4ecc940eac4540bc"}, "tried": 1, "grade": 100.0, "username": "salamanca.julian", "succeeded": true, "submissionid": {"$oid": "5d295f71c8856b7267bef3fa"}, "taskid": "MadameMedina"}, {"courseid": "group-5", "tokens": {"amount": 7}, "_id": {"$oid": "5d28acc94ecc940eac454595"}, "tried": 7, "grade": 0.0, "username": "kelly.caranguay", "succeeded": false, "submissionid": {"$oid": "5d31d94095d4deeb10d06419"}, "taskid": "MadameMedina"}, {"courseid": "group-5", "tokens": {"amount": 1}, "_id": {"$oid": "5d29681e4ecc940eac45b952"}, "tried": 1, "grade": 100.0, "username": "santiago.barreneche", "succeeded": true, "submissionid": {"$oid": "5d31b92e95d4deeb10d061e3"}, "taskid": "MadameMedina"}, {"courseid": "group-5", "_id": {"$oid": "5d2d0c754ecc940eac476c60"}, "tried": 0, "grade": 0.0, "username": "andres.cortez", "succeeded": false, "submissionid": null, "taskid": "MadameMedina"}, {"courseid": "group-5", "tokens": {"amount": 2}, "_id": {"$oid": "5d2d29ad4ecc940eac477ef1"}, "tried": 2, "grade": 100.0, "username": "armando.ruiz", "succeeded": true, "submissionid": {"$oid": "5d31e57d95d4deeb10d0646f"}, "taskid": "MadameMedina"}, {"courseid": "group-5", "tokens": {"amount": 9}, "_id": {"$oid": "5d2dde8c4ecc940eac47cfee"}, "tried": 9, "grade": 100.0, "username": "edwinleonardo66", "succeeded": true, "submissionid": {"$oid": "5d31dc8c95d4deeb10d06453"}, "taskid": "MadameMedina"}, {"grade": 0.0, "_id": {"$oid": "5d31bce24ecc940eac4a883d"}, "taskid": "MadameMedina", "courseid": "group-5", "username": "vasquez.jhon", "succeeded": false, "tried": 0, "submissionid": null}, {"grade": 100.0, "tokens": {"amount": 4}, "_id": {"$oid": "5d31bdcc4ecc940eac4a8cae"}, "taskid": "MadameMedina", "courseid": "group-5", "username": "gutierrez.santiago", "succeeded": true, "tried": 4, "submissionid": {"$oid": "5d31c78895d4deeb10d06319"}}, {"grade": 0.0, "tokens": {"amount": 1}, "_id": {"$oid": "5d31c2da4ecc940eac4a9da3"}, "taskid": "MadameMedina", "courseid": "group-5", "username": "mateo.obando", "succeeded": false, "tried": 1, "submissionid": {"$oid": "5d31c35b95d4deeb10d062ec"}}, {"grade": 100.0, "tokens": {"amount": 7}, "_id": {"$oid": "5d34dee54ecc940eac4c3723"}, "taskid": "MadameMedina", "courseid": "group-5", "username": "parra.manuel", "succeeded": true, "tried": 7, "submissionid": {"$oid": "5d4053f28a5de95c6ba09793"}}, {"courseid": "group-5", "_id": {"$oid": "5d45d5df7d66fe825454be6d"}, "tried": 0, "grade": 0.0, "username": "lasso.julian", "succeeded": false, "submissionid": null, "taskid": "MadameMedina"}, {"courseid": "group-5", "tokens": {"amount": 2}, "_id": {"$oid": "5d1f70458f702b796171f0e0"}, "tried": 2, "grade": 100.0, "username": "superadmin", "succeeded": true, "submissionid": {"$oid": "5d1f72eba93064f260af460e"}, "taskid": "Pirulum1"}, {"courseid": "group-5", "tokens": {"amount": 1}, "_id": {"$oid": "5d1f7c988f702b796171fdc1"}, "tried": 1, "grade": 100.0, "username": "victor.bucheli", "succeeded": true, "submissionid": {"$oid": "5d1f7cafa93064f260af4614"}, "taskid": "Pirulum1"}, {"courseid": "group-5", "tokens": {"amount": 1}, "_id": {"$oid": "5d1fdc0d8f702b7961722a0a"}, "tried": 1, "grade": 100.0, "username": "lina.guamanga", "succeeded": true, "submissionid": {"$oid": "5d1ff01cc8856b7267bef167"}, "taskid": "Pirulum1"}, {"courseid": "group-5", "_id": {"$oid": "5d1ff0774ecc940eac413a3a"}, "tried": 0, "grade": 0.0, "username": "kevin.david.rodriguez", "succeeded": false, "submissionid": null, "taskid": "Pirulum1"}, {"courseid": "group-5", "_id": {"$oid": "5d200f484ecc940eac4148f0"}, "tried": 0, "grade": 0.0, "username": "kelly.caranguay", "succeeded": false, "submissionid": null, "taskid": "Pirulum1"}, {"courseid": "group-5", "tokens": {"amount": 7}, "_id": {"$oid": "5d2619a04ecc940eac43c870"}, "tried": 7, "grade": 100.0, "username": "superadmin", "succeeded": true, "submissionid": {"$oid": "5d261ccec8856b7267bef18a"}, "taskid": "conditional1"}, {"courseid": "group-5", "tokens": {"amount": 4}, "_id": {"$oid": "5d26417e4ecc940eac43e564"}, "tried": 4, "grade": 100.0, "username": "sebastian.torijano", "succeeded": true, "submissionid": {"$oid": "5d267531c8856b7267bef1f2"}, "taskid": "conditional1"}, {"courseid": "group-5", "tokens": {"amount": 2}, "_id": {"$oid": "5d270d7e4ecc940eac444a47"}, "tried": 2, "grade": 100.0, "username": "lina.guamanga", "succeeded": true, "submissionid": {"$oid": "5d27473cc8856b7267bef1fc"}, "taskid": "conditional1"}, {"courseid": "group-5", "tokens": {"amount": 5}, "_id": {"$oid": "5d27b00b4ecc940eac449d17"}, "tried": 5, "grade": 100.0, "username": "kevin.david.rodriguez", "succeeded": true, "submissionid": {"$oid": "5d27c375c8856b7267bef229"}, "taskid": "conditional1"}, {"courseid": "group-5", "tokens": {"amount": 8}, "_id": {"$oid": "5d27f0d24ecc940eac44cafb"}, "tried": 8, "grade": 100.0, "username": "daniel.andres.mora", "succeeded": true, "submissionid": {"$oid": "5d28f92dc8856b7267bef391"}, "taskid": "conditional1"}, {"courseid": "group-5", "tokens": {"amount": 1}, "_id": {"$oid": "5d27f5df4ecc940eac44d34b"}, "tried": 1, "grade": 100.0, "username": "mateo.obando", "succeeded": true, "submissionid": {"$oid": "5d28b9e2c8856b7267bef350"}, "taskid": "conditional1"}, {"courseid": "group-5", "tokens": {"amount": 6}, "_id": {"$oid": "5d27ff4d4ecc940eac44dd60"}, "tried": 6, "grade": 100.0, "username": "jenny.hernandez", "succeeded": true, "submissionid": {"$oid": "5d31c11d95d4deeb10d062b5"}, "taskid": "conditional1"}, {"courseid": "group-5", "tokens": {"amount": 2}, "_id": {"$oid": "5d2809b94ecc940eac44e544"}, "tried": 2, "grade": 100.0, "username": "salamanca.julian", "succeeded": true, "submissionid": {"$oid": "5d28106ac8856b7267bef28d"}, "taskid": "conditional1"}, {"courseid": "group-5", "tokens": {"amount": 1}, "_id": {"$oid": "5d2881424ecc940eac45186e"}, "tried": 1, "grade": 100.0, "username": "andres.galvis", "succeeded": true, "submissionid": {"$oid": "5d289089c8856b7267bef2a6"}, "taskid": "conditional1"}, {"courseid": "group-5", "tokens": {"amount": 3}, "_id": {"$oid": "5d28a06a4ecc940eac453722"}, "tried": 3, "grade": 100.0, "username": "kelly.caranguay", "succeeded": true, "submissionid": {"$oid": "5d28a8a0c8856b7267bef2fb"}, "taskid": "conditional1"}, {"courseid": "group-5", "tokens": {"amount": 3}, "_id": {"$oid": "5d28a5d24ecc940eac453c0c"}, "tried": 3, "grade": 100.0, "username": "santiago.barreneche", "succeeded": true, "submissionid": {"$oid": "5d28b361c8856b7267bef32d"}, "taskid": "conditional1"}, {"courseid": "group-5", "tokens": {"amount": 3}, "_id": {"$oid": "5d2a30404ecc940eac461144"}, "tried": 3, "grade": 100.0, "username": "parra.manuel", "succeeded": true, "submissionid": {"$oid": "5d31ea3595d4deeb10d06480"}, "taskid": "conditional1"}, {"courseid": "group-5", "tokens": {"amount": 3}, "_id": {"$oid": "5d2bc7fd4ecc940eac46d58c"}, "tried": 3, "grade": 100.0, "username": "edwinleonardo66", "succeeded": true, "submissionid": {"$oid": "5d2d11cbc8856b7267bef553"}, "taskid": "conditional1"}, {"courseid": "group-5", "tokens": {"amount": 3}, "_id": {"$oid": "5d2ce7444ecc940eac475163"}, "tried": 3, "grade": 100.0, "username": "andres.cortez", "succeeded": true, "submissionid": {"$oid": "5d2ceeb2c8856b7267bef4e5"}, "taskid": "conditional1"}, {"courseid": "group-5", "tokens": {"amount": 2}, "_id": {"$oid": "5d2d04b94ecc940eac476521"}, "tried": 2, "grade": 100.0, "username": "armando.ruiz", "succeeded": true, "submissionid": {"$oid": "5d2d0c59c8856b7267bef53a"}, "taskid": "conditional1"}, {"grade": 100.0, "tokens": {"amount": 6}, "_id": {"$oid": "5d31b6a34ecc940eac4a6a1b"}, "taskid": "conditional1", "courseid": "group-5", "username": "lasso.julian", "succeeded": true, "tried": 6, "submissionid": {"$oid": "5d31c16d95d4deeb10d062c4"}}, {"grade": 100.0, "tokens": {"amount": 2}, "_id": {"$oid": "5d31be6d4ecc940eac4a8f6f"}, "taskid": "conditional1", "courseid": "group-5", "username": "gutierrez.santiago", "succeeded": true, "tried": 2, "submissionid": {"$oid": "5d31bff195d4deeb10d06297"}}, {"grade": 66.67, "tokens": {"amount": 1}, "_id": {"$oid": "5d31c9324ecc940eac4ab34f"}, "taskid": "conditional1", "courseid": "group-5", "username": "vasquez.jhon", "succeeded": false, "tried": 1, "submissionid": {"$oid": "5d31caf595d4deeb10d06346"}}, {"courseid": "group-5", "succeeded": true, "_id": {"$oid": "5d15aac9d0a2c50bfcddbe93"}, "tried": 1, "grade": 100.0, "username": "parra.manuel", "taskid": "factor", "tokens": {"amount": 1}, "submissionid": {"$oid": "5d163dde3ed93c61671ac98d"}}, {"courseid": "group-5", "_id": {"$oid": "5d15aba2d0a2c50bfcddc08b"}, "tried": 0, "grade": 0.0, "username": "carlos.hidalgo", "taskid": "factor", "succeeded": false, "submissionid": null}, {"courseid": "group-5", "succeeded": true, "_id": {"$oid": "5d160503d0a2c50bfcddef37"}, "tried": 5, "grade": 100.0, "username": "salamanca.julian", "taskid": "factor", "tokens": {"amount": 5}, "submissionid": {"$oid": "5d2a428bc8856b7267bef454"}}, {"courseid": "group-5", "succeeded": true, "_id": {"$oid": "5d160679d0a2c50bfcddf4b1"}, "tried": 5, "grade": 100.0, "username": "andres.galvis", "taskid": "factor", "tokens": {"amount": 5}, "submissionid": {"$oid": "5d31c58995d4deeb10d0630a"}}, {"courseid": "group-5", "tokens": {"amount": 2}, "_id": {"$oid": "5d160a1dd0a2c50bfcde0a41"}, "tried": 2, "grade": 100.0, "username": "santiago.barreneche", "taskid": "factor", "succeeded": true, "submissionid": {"$oid": "5d28b7d9c8856b7267bef33c"}}, {"courseid": "group-5", "tokens": {"amount": 9}, "_id": {"$oid": "5d160ab0d0a2c50bfcde0bf5"}, "tried": 9, "grade": 100.0, "username": "edwinleonardo66", "taskid": "factor", "succeeded": true, "submissionid": {"$oid": "5d3f6f1d8a5de95c6ba09744"}}, {"courseid": "group-5", "tokens": {"amount": 1}, "_id": {"$oid": "5d1613a70ad14599c989517b"}, "tried": 1, "grade": 100.0, "username": "jenny.hernandez", "taskid": "factor", "succeeded": true, "submissionid": {"$oid": "5d2d618fc8856b7267bef57b"}}, {"courseid": "group-5", "tokens": {"amount": 4}, "_id": {"$oid": "5d1616c70ad14599c989565c"}, "tried": 4, "grade": 100.0, "username": "andres.cortez", "taskid": "factor", "succeeded": true, "submissionid": {"$oid": "5d1b7a05a93064f260af4266"}}, {"courseid": "group-5", "tokens": {"amount": 3}, "_id": {"$oid": "5d1617840ad14599c98957dc"}, "tried": 3, "grade": 100.0, "username": "daniel.andres.mora", "taskid": "factor", "succeeded": true, "submissionid": {"$oid": "5d31b8c095d4deeb10d061d4"}}, {"courseid": "group-5", "succeeded": true, "_id": {"$oid": "5d1617df0ad14599c989596c"}, "tried": 1, "grade": 100.0, "username": "kevin.david.rodriguez", "taskid": "factor", "tokens": {"amount": 1}, "submissionid": {"$oid": "5d16190f3ed93c61671ac96f"}}, {"courseid": "group-5", "tokens": {"amount": 4}, "_id": {"$oid": "5d1619e90ad14599c98960a8"}, "tried": 4, "grade": 100.0, "username": "sebastian.torijano", "taskid": "factor", "succeeded": true, "submissionid": {"$oid": "5d31d11095d4deeb10d06395"}}, {"courseid": "group-5", "succeeded": true, "_id": {"$oid": "5d1639eb0ad14599c9896ff5"}, "tried": 5, "grade": 100.0, "username": "lina.guamanga", "taskid": "factor", "tokens": {"amount": 5}, "submissionid": {"$oid": "5d27d848c8856b7267bef238"}}, {"courseid": "group-5", "_id": {"$oid": "5d177cf30ad14599c989f6f4"}, "tried": 0, "grade": 0.0, "username": "superadmin", "taskid": "factor", "succeeded": false, "submissionid": null}, {"courseid": "group-5", "tokens": {"amount": 4}, "_id": {"$oid": "5d1b75ca8f702b79616fc70c"}, "tried": 4, "grade": 100.0, "username": "mateo.obando", "succeeded": true, "submissionid": {"$oid": "5d31b6c495d4deeb10d0618e"}, "taskid": "factor"}, {"courseid": "group-5", "_id": {"$oid": "5d1f45bd8f702b796171cb49"}, "tried": 0, "grade": 0.0, "username": "dorian.ochoa", "succeeded": false, "submissionid": null, "taskid": "factor"}, {"courseid": "group-5", "tokens": {"amount": 2}, "_id": {"$oid": "5d28a8b04ecc940eac454282"}, "tried": 2, "grade": 100.0, "username": "kelly.caranguay", "succeeded": true, "submissionid": {"$oid": "5d2a680cc8856b7267bef481"}, "taskid": "factor"}, {"courseid": "group-5", "tokens": {"amount": 6}, "_id": {"$oid": "5d2d0d0a4ecc940eac476d1e"}, "tried": 6, "grade": 100.0, "username": "armando.ruiz", "succeeded": true, "submissionid": {"$oid": "5d31b98795d4deeb10d061e8"}, "taskid": "factor"}, {"grade": 0.0, "_id": {"$oid": "5d31be614ecc940eac4a8f1b"}, "taskid": "factor", "courseid": "group-5", "username": "lasso.julian", "succeeded": false, "tried": 0, "submissionid": null}, {"grade": 100.0, "tokens": {"amount": 4}, "_id": {"$oid": "5d31c7a54ecc940eac4aaf9c"}, "taskid": "factor", "courseid": "group-5", "username": "gutierrez.santiago", "succeeded": true, "tried": 4, "submissionid": {"$oid": "5d31ced895d4deeb10d0638b"}}, {"courseid": "group-5", "tokens": {"amount": 10}, "_id": {"$oid": "5d1e54528f702b7961713ba1"}, "tried": 10, "grade": 100.0, "username": "superadmin", "succeeded": true, "submissionid": {"$oid": "5d1e5f7da93064f260af44d3"}, "taskid": "frecuencia"}, {"courseid": "group-5", "_id": {"$oid": "5d2646e24ecc940eac43e868"}, "tried": 0, "grade": 0.0, "username": "sebastian.torijano", "succeeded": false, "submissionid": null, "taskid": "frecuencia"}, {"courseid": "group-5", "tokens": {"amount": 8}, "_id": {"$oid": "5d270e154ecc940eac444b1b"}, "tried": 8, "grade": 100.0, "username": "lina.guamanga", "succeeded": true, "submissionid": {"$oid": "5d28a730c8856b7267bef2f6"}, "taskid": "frecuencia"}, {"courseid": "group-5", "tokens": {"amount": 4}, "_id": {"$oid": "5d27d3494ecc940eac44afbd"}, "tried": 4, "grade": 100.0, "username": "kevin.david.rodriguez", "succeeded": true, "submissionid": {"$oid": "5d29460dc8856b7267bef3af"}, "taskid": "frecuencia"}, {"courseid": "group-5", "tokens": {"amount": 1}, "_id": {"$oid": "5d27f8c04ecc940eac44d697"}, "tried": 1, "grade": 100.0, "username": "daniel.andres.mora", "succeeded": true, "submissionid": {"$oid": "5d31e82395d4deeb10d06476"}, "taskid": "frecuencia"}, {"courseid": "group-5", "tokens": {"amount": 1}, "_id": {"$oid": "5d288ae14ecc940eac452014"}, "tried": 1, "grade": 100.0, "username": "andres.galvis", "succeeded": true, "submissionid": {"$oid": "5d29e6d7c8856b7267bef42c"}, "taskid": "frecuencia"}, {"courseid": "group-5", "_id": {"$oid": "5d28976d4ecc940eac452ecb"}, "tried": 0, "grade": 0.0, "username": "jenny.hernandez", "succeeded": false, "submissionid": null, "taskid": "frecuencia"}, {"courseid": "group-5", "tokens": {"amount": 2}, "_id": {"$oid": "5d289a104ecc940eac45323d"}, "tried": 2, "grade": 100.0, "username": "salamanca.julian", "succeeded": true, "submissionid": {"$oid": "5d29486ac8856b7267bef3b9"}, "taskid": "frecuencia"}, {"courseid": "group-5", "_id": {"$oid": "5d28acb64ecc940eac454529"}, "tried": 0, "grade": 0.0, "username": "kelly.caranguay", "succeeded": false, "submissionid": null, "taskid": "frecuencia"}, {"courseid": "group-5", "tokens": {"amount": 1}, "_id": {"$oid": "5d28c4fb4ecc940eac455d15"}, "tried": 1, "grade": 100.0, "username": "santiago.barreneche", "succeeded": true, "submissionid": {"$oid": "5d28c8fcc8856b7267bef364"}, "taskid": "frecuencia"}, {"courseid": "group-5", "tokens": {"amount": 1}, "_id": {"$oid": "5d2a3b544ecc940eac4616a3"}, "tried": 1, "grade": 100.0, "username": "parra.manuel", "succeeded": true, "submissionid": {"$oid": "5d3210a195d4deeb10d06516"}, "taskid": "frecuencia"}, {"courseid": "group-5", "tokens": {"amount": 1}, "_id": {"$oid": "5d2cfc694ecc940eac475d36"}, "tried": 1, "grade": 100.0, "username": "mateo.obando", "succeeded": true, "submissionid": {"$oid": "5d31d1b195d4deeb10d063a1"}, "taskid": "frecuencia"}, {"courseid": "group-5", "_id": {"$oid": "5d2d02fe4ecc940eac476271"}, "tried": 0, "grade": 0.0, "username": "andres.cortez", "succeeded": false, "submissionid": null, "taskid": "frecuencia"}, {"courseid": "group-5", "tokens": {"amount": 2}, "_id": {"$oid": "5d2d27254ecc940eac477cc9"}, "tried": 2, "grade": 100.0, "username": "edwinleonardo66", "succeeded": true, "submissionid": {"$oid": "5d31d2cf95d4deeb10d063ab"}, "taskid": "frecuencia"}, {"courseid": "group-5", "tokens": {"amount": 2}, "_id": {"$oid": "5d2d299d4ecc940eac477e86"}, "tried": 2, "grade": 100.0, "username": "armando.ruiz", "succeeded": true, "submissionid": {"$oid": "5d31ba2c1f5deffc5c9583f4"}, "taskid": "frecuencia"}, {"grade": 0.0, "_id": {"$oid": "5d31c6d64ecc940eac4aacfa"}, "taskid": "frecuencia", "courseid": "group-5", "username": "lasso.julian", "succeeded": false, "tried": 0, "submissionid": null}, {"grade": 0.0, "_id": {"$oid": "5d31d12d4ecc940eac4ac788"}, "taskid": "frecuencia", "courseid": "group-5", "username": "gutierrez.santiago", "succeeded": false, "tried": 0, "submissionid": null}, {"courseid": "group-5", "tokens": {"amount": 1}, "_id": {"$oid": "5d1603b7d0a2c50bfcddee73"}, "tried": 1, "grade": 100.0, "username": "sebastian.torijano", "taskid": "jpn1", "succeeded": true, "submissionid": {"$oid": "5d267371c8856b7267bef1e8"}}, {"courseid": "group-5", "succeeded": true, "_id": {"$oid": "5d160510d0a2c50bfcddef60"}, "tried": 1, "grade": 100.0, "username": "lina.guamanga", "taskid": "jpn1", "tokens": {"amount": 1}, "submissionid": {"$oid": "5d1639d53ed93c61671ac979"}}, {"courseid": "group-5", "succeeded": true, "_id": {"$oid": "5d1605a0d0a2c50bfcddf053"}, "tried": 1, "grade": 100.0, "username": "salamanca.julian", "taskid": "jpn1", "tokens": {"amount": 1}, "submissionid": {"$oid": "5d1619593ed93c61671ac974"}}, {"courseid": "group-5", "succeeded": true, "_id": {"$oid": "5d1605fed0a2c50bfcddf17a"}, "tried": 4, "grade": 100.0, "username": "jenny.hernandez", "taskid": "jpn1", "tokens": {"amount": 4}, "submissionid": {"$oid": "5d1615c73ed93c61671ac92e"}}, {"courseid": "group-5", "tokens": {"amount": 3}, "_id": {"$oid": "5d160ab4d0a2c50bfcde0c1a"}, "tried": 3, "grade": 100.0, "username": "edwinleonardo66", "taskid": "jpn1", "succeeded": true, "submissionid": {"$oid": "5d3f72688a5de95c6ba0975b"}}, {"courseid": "group-5", "succeeded": true, "_id": {"$oid": "5d1617dd0ad14599c98958e8"}, "tried": 5, "grade": 100.0, "username": "daniel.andres.mora", "taskid": "jpn1", "tokens": {"amount": 5}, "submissionid": {"$oid": "5d1618c53ed93c61671ac96a"}}, {"courseid": "group-5", "succeeded": true, "_id": {"$oid": "5d1617fb0ad14599c98959ee"}, "tried": 1, "grade": 100.0, "username": "kevin.david.rodriguez", "taskid": "jpn1", "tokens": {"amount": 1}, "submissionid": {"$oid": "5d16187a3ed93c61671ac95b"}}, {"courseid": "group-5", "succeeded": true, "_id": {"$oid": "5d163df10ad14599c9897364"}, "tried": 1, "grade": 100.0, "username": "parra.manuel", "taskid": "jpn1", "tokens": {"amount": 1}, "submissionid": {"$oid": "5d163e3a3ed93c61671ac997"}}, {"courseid": "group-5", "succeeded": true, "_id": {"$oid": "5d177e5a0ad14599c989f928"}, "tried": 2, "grade": 100.0, "username": "carlos.hidalgo", "taskid": "jpn1", "tokens": {"amount": 2}, "submissionid": {"$oid": "5d177fca3ed93c61671ac9ab"}}, {"courseid": "group-5", "tokens": {"amount": 4}, "_id": {"$oid": "5d1780040ad14599c989fae4"}, "tried": 4, "grade": 100.0, "username": "superadmin", "taskid": "jpn1", "succeeded": true, "submissionid": {"$oid": "5d1e6c19a93064f260af44e8"}}, {"courseid": "group-5", "tokens": {"amount": 2}, "_id": {"$oid": "5d1b72ba8f702b79616fc302"}, "tried": 2, "grade": 100.0, "username": "mateo.obando", "succeeded": true, "submissionid": {"$oid": "5d1b75b7a93064f260af4257"}, "taskid": "jpn1"}, {"courseid": "group-5", "tokens": {"amount": 1}, "_id": {"$oid": "5d1b7a138f702b79616fc9d2"}, "tried": 1, "grade": 100.0, "username": "andres.cortez", "succeeded": true, "submissionid": {"$oid": "5d1b7a4da93064f260af426b"}, "taskid": "jpn1"}, {"courseid": "group-5", "_id": {"$oid": "5d1cd1458f702b7961705ea7"}, "tried": 0, "grade": 0.0, "username": "dorian.ochoa", "succeeded": false, "submissionid": null, "taskid": "jpn1"}, {"courseid": "group-5", "tokens": {"amount": 6}, "_id": {"$oid": "5d287b104ecc940eac4514e7"}, "tried": 6, "grade": 100.0, "username": "kelly.caranguay", "succeeded": true, "submissionid": {"$oid": "5d28a05dc8856b7267bef2c9"}, "taskid": "jpn1"}, {"courseid": "group-5", "tokens": {"amount": 4}, "_id": {"$oid": "5d28a4504ecc940eac453abe"}, "tried": 4, "grade": 100.0, "username": "santiago.barreneche", "succeeded": true, "submissionid": {"$oid": "5d28b077c8856b7267bef30d"}, "taskid": "jpn1"}, {"courseid": "group-5", "tokens": {"amount": 2}, "_id": {"$oid": "5d2d05214ecc940eac47659c"}, "tried": 2, "grade": 100.0, "username": "armando.ruiz", "succeeded": true, "submissionid": {"$oid": "5d2d093ac8856b7267bef521"}, "taskid": "jpn1"}, {"grade": 0.0, "tokens": {"amount": 7}, "_id": {"$oid": "5d31fcc04ecc940eac4b0031"}, "taskid": "jpn1", "courseid": "group-5", "username": "gutierrez.santiago", "succeeded": false, "tried": 7, "submissionid": {"$oid": "5d31fe2695d4deeb10d064cb"}}, {"courseid": "group-5", "tokens": {"amount": 57}, "_id": {"$oid": "5d448e2c7d66fe825453dd93"}, "tried": 57, "grade": 100.0, "username": "superadmin", "succeeded": true, "submissionid": {"$oid": "5d458b6a8a5de95c6ba097d9"}, "taskid": "jpn2"}, {"courseid": "group-5", "tokens": {"amount": 10}, "_id": {"$oid": "5d448e7e7d66fe825453de44"}, "tried": 10, "grade": 20.0, "username": "parra.manuel", "succeeded": false, "submissionid": {"$oid": "5d4620c28a5de95c6ba098f8"}, "taskid": "jpn2"}, {"courseid": "group-5", "_id": {"$oid": "5d44aa307d66fe825453f164"}, "tried": 0, "grade": 0.0, "username": "carlos.hidalgo", "succeeded": false, "submissionid": null, "taskid": "jpn2"}, {"courseid": "group-5", "tokens": {"amount": 8}, "_id": {"$oid": "5d4569f57d66fe8254547139"}, "tried": 8, "grade": 16.67, "username": "lina.guamanga", "succeeded": false, "submissionid": {"$oid": "5d47646baf1635ab1d1c76cc"}, "taskid": "jpn2"}, {"courseid": "group-5", "tokens": {"amount": 3}, "_id": {"$oid": "5d457e877d66fe8254547d3e"}, "tried": 3, "grade": 0.0, "username": "mateo.obando", "succeeded": false, "submissionid": {"$oid": "5d47a370af1635ab1d1c7738"}, "taskid": "jpn2"}, {"courseid": "group-5", "_id": {"$oid": "5d45891f7d66fe8254548549"}, "tried": 0, "grade": 0.0, "username": "lasso.julian", "succeeded": false, "submissionid": null, "taskid": "jpn2"}, {"courseid": "group-5", "tokens": {"amount": 15}, "_id": {"$oid": "5d4589a77d66fe8254548681"}, "tried": 15, "grade": 16.67, "username": "kevin.david.rodriguez", "succeeded": false, "submissionid": {"$oid": "5d4636568a5de95c6ba09984"}, "taskid": "jpn2"}, {"courseid": "group-5", "_id": {"$oid": "5d458baa7d66fe8254548924"}, "tried": 0, "grade": 0.0, "username": "kelly.caranguay", "succeeded": false, "submissionid": null, "taskid": "jpn2"}, {"courseid": "group-5", "tokens": {"amount": 4}, "_id": {"$oid": "5d4590bb7d66fe825454943a"}, "tried": 4, "grade": 0.0, "username": "sebastian.torijano", "succeeded": false, "submissionid": {"$oid": "5d4778bcaf1635ab1d1c7708"}, "taskid": "jpn2"}, {"courseid": "group-5", "tokens": {"amount": 7}, "_id": {"$oid": "5d4593777d66fe82545499ba"}, "tried": 7, "grade": 16.67, "username": "daniel.andres.mora", "succeeded": false, "submissionid": {"$oid": "5d4776f9af1635ab1d1c76fe"}, "taskid": "jpn2"}, {"courseid": "group-5", "tokens": {"amount": 10}, "_id": {"$oid": "5d45a4687d66fe825454a73e"}, "tried": 10, "grade": 16.67, "username": "salamanca.julian", "succeeded": false, "submissionid": {"$oid": "5d471af7af1635ab1d1c7671"}, "taskid": "jpn2"}, {"courseid": "group-5", "tokens": {"amount": 7}, "_id": {"$oid": "5d45f72d7d66fe825454cf22"}, "tried": 7, "grade": 16.67, "username": "edwinleonardo66", "succeeded": false, "submissionid": {"$oid": "5d47579faf1635ab1d1c76b1"}, "taskid": "jpn2"}, {"courseid": "group-5", "tokens": {"amount": 9}, "_id": {"$oid": "5d4608327d66fe825454dc66"}, "tried": 9, "grade": 16.67, "username": "santiago.barreneche", "succeeded": false, "submissionid": {"$oid": "5d4624c98a5de95c6ba0992f"}, "taskid": "jpn2"}, {"courseid": "group-5", "tokens": {"amount": 2}, "_id": {"$oid": "5d4622847d66fe825454f557"}, "tried": 2, "grade": 0.0, "username": "andres.cortez", "succeeded": false, "submissionid": {"$oid": "5d479dcaaf1635ab1d1c7729"}, "taskid": "jpn2"}, {"courseid": "group-5", "tokens": {"amount": 12}, "_id": {"$oid": "5d4635567d66fe825455111a"}, "tried": 12, "grade": 16.67, "username": "andres.galvis", "succeeded": false, "submissionid": {"$oid": "5d4792ddaf1635ab1d1c771f"}, "taskid": "jpn2"}, {"courseid": "group-5", "tokens": {"amount": 18}, "_id": {"$oid": "5d479b3d663646f8872edb9c"}, "tried": 18, "grade": 16.67, "username": "vasquez.jhon", "succeeded": false, "submissionid": {"$oid": "5d47b49caf1635ab1d1c778e"}, "taskid": "jpn2"}, {"courseid": "group-5", "_id": {"$oid": "5d479d18663646f8872ede3e"}, "tried": 0, "grade": 0.0, "username": "armando.ruiz", "succeeded": false, "submissionid": null, "taskid": "jpn2"}, {"courseid": "group-5", "tokens": {"amount": 2}, "_id": {"$oid": "5d2657524ecc940eac43f2e5"}, "tried": 2, "grade": 100.0, "username": "superadmin", "succeeded": true, "submissionid": {"$oid": "5d265779c8856b7267bef1e3"}, "taskid": "logica"}, {"courseid": "group-5", "tokens": {"amount": 1}, "_id": {"$oid": "5d2676cd4ecc940eac440401"}, "tried": 1, "grade": 100.0, "username": "sebastian.torijano", "succeeded": true, "submissionid": {"$oid": "5d278c13c8856b7267bef210"}, "taskid": "logica"}, {"courseid": "group-5", "tokens": {"amount": 3}, "_id": {"$oid": "5d270eae4ecc940eac444b89"}, "tried": 3, "grade": 100.0, "username": "lina.guamanga", "succeeded": true, "submissionid": {"$oid": "5d31b65b95d4deeb10d0617f"}, "taskid": "logica"}, {"courseid": "group-5", "tokens": {"amount": 2}, "_id": {"$oid": "5d27d41e4ecc940eac44b0b3"}, "tried": 2, "grade": 100.0, "username": "kevin.david.rodriguez", "succeeded": true, "submissionid": {"$oid": "5d31b73f95d4deeb10d06193"}, "taskid": "logica"}, {"courseid": "group-5", "tokens": {"amount": 8}, "_id": {"$oid": "5d27f9004ecc940eac44d774"}, "tried": 8, "grade": 100.0, "username": "daniel.andres.mora", "succeeded": true, "submissionid": {"$oid": "5d31c19a95d4deeb10d062c9"}, "taskid": "logica"}, {"courseid": "group-5", "tokens": {"amount": 7}, "_id": {"$oid": "5d288ab24ecc940eac451e77"}, "tried": 7, "grade": 100.0, "username": "andres.galvis", "succeeded": true, "submissionid": {"$oid": "5d31bdfb95d4deeb10d0625b"}, "taskid": "logica"}, {"courseid": "group-5", "tokens": {"amount": 3}, "_id": {"$oid": "5d2897a64ecc940eac452f11"}, "tried": 3, "grade": 100.0, "username": "jenny.hernandez", "succeeded": true, "submissionid": {"$oid": "5d31d6e395d4deeb10d063ce"}, "taskid": "logica"}, {"courseid": "group-5", "tokens": {"amount": 7}, "_id": {"$oid": "5d2899204ecc940eac4530d4"}, "tried": 7, "grade": 100.0, "username": "salamanca.julian", "succeeded": true, "submissionid": {"$oid": "5d2f1d6cc8856b7267bef5ae"}, "taskid": "logica"}, {"courseid": "group-5", "tokens": {"amount": 7}, "_id": {"$oid": "5d28acc14ecc940eac45455f"}, "tried": 7, "grade": 100.0, "username": "kelly.caranguay", "succeeded": true, "submissionid": {"$oid": "5d31b67095d4deeb10d06184"}, "taskid": "logica"}, {"courseid": "group-5", "tokens": {"amount": 10}, "_id": {"$oid": "5d28c90b4ecc940eac455f4d"}, "tried": 10, "grade": 100.0, "username": "santiago.barreneche", "succeeded": true, "submissionid": {"$oid": "5d31c33395d4deeb10d062e7"}, "taskid": "logica"}, {"courseid": "group-5", "tokens": {"amount": 8}, "_id": {"$oid": "5d2d037b4ecc940eac4763c8"}, "tried": 8, "grade": 100.0, "username": "andres.cortez", "succeeded": true, "submissionid": {"$oid": "5d31b82d95d4deeb10d061bb"}, "taskid": "logica"}, {"courseid": "group-5", "tokens": {"amount": 3}, "_id": {"$oid": "5d2d0da14ecc940eac476ded"}, "tried": 3, "grade": 100.0, "username": "mateo.obando", "succeeded": true, "submissionid": {"$oid": "5d31d87095d4deeb10d06400"}, "taskid": "logica"}, {"courseid": "group-5", "tokens": {"amount": 3}, "_id": {"$oid": "5d2d29a54ecc940eac477ebb"}, "tried": 3, "grade": 100.0, "username": "armando.ruiz", "succeeded": true, "submissionid": {"$oid": "5d31cbfa95d4deeb10d06365"}, "taskid": "logica"}, {"courseid": "group-5", "tokens": {"amount": 1}, "_id": {"$oid": "5d2dde354ecc940eac47cf99"}, "tried": 1, "grade": 100.0, "username": "edwinleonardo66", "succeeded": true, "submissionid": {"$oid": "5d31d88395d4deeb10d06405"}, "taskid": "logica"}, {"grade": 0.0, "_id": {"$oid": "5d31bd7c4ecc940eac4a8a59"}, "taskid": "logica", "courseid": "group-5", "username": "vasquez.jhon", "succeeded": false, "tried": 0, "submissionid": null}, {"grade": 100.0, "tokens": {"amount": 2}, "_id": {"$oid": "5d31bdc74ecc940eac4a8c4b"}, "taskid": "logica", "courseid": "group-5", "username": "gutierrez.santiago", "succeeded": true, "tried": 2, "submissionid": {"$oid": "5d3205b595d4deeb10d06511"}}, {"grade": 100.0, "tokens": {"amount": 5}, "_id": {"$oid": "5d3210c54ecc940eac4b1180"}, "taskid": "logica", "courseid": "group-5", "username": "parra.manuel", "succeeded": true, "tried": 5, "submissionid": {"$oid": "5d4049808a5de95c6ba0976d"}}, {"courseid": "group-5", "_id": {"$oid": "5d45d5c87d66fe825454be31"}, "tried": 0, "grade": 0.0, "username": "lasso.julian", "succeeded": false, "submissionid": null, "taskid": "logica"}, {"grade": 0.0, "_id": {"$oid": "5d371cd04ecc940eac4d202d"}, "taskid": "new-delete", "courseid": "group-5", "username": "superadmin", "succeeded": false, "tried": 0, "submissionid": null}, {"grade": 0.0, "_id": {"$oid": "5d3722724ecc940eac4d23d9"}, "taskid": "new-delete", "courseid": "group-5", "username": "salamanca.julian", "succeeded": false, "tried": 0, "submissionid": null}, {"grade": 0.0, "_id": {"$oid": "5d3722b94ecc940eac4d25b0"}, "taskid": "new-delete", "courseid": "group-5", "username": "kevin.david.rodriguez", "succeeded": false, "tried": 0, "submissionid": null}, {"grade": 0.0, "_id": {"$oid": "5d3722dc4ecc940eac4d273d"}, "taskid": "new-delete", "courseid": "group-5", "username": "kelly.caranguay", "succeeded": false, "tried": 0, "submissionid": null}, {"grade": 0.0, "tokens": {"amount": 3}, "_id": {"$oid": "5d3a5cdf4ecc940eac4e78c4"}, "taskid": "new-delete", "courseid": "group-5", "username": "lina.guamanga", "succeeded": false, "tried": 3, "submissionid": {"$oid": "5d4457a38a5de95c6ba097a6"}}, {"grade": 0.0, "tokens": {"amount": 7}, "_id": {"$oid": "5d3e67444ecc940eac5035f9"}, "taskid": "new-delete", "courseid": "group-5", "username": "edwinleonardo66", "succeeded": false, "tried": 7, "submissionid": {"$oid": "5d404f5f8a5de95c6ba09772"}}, {"courseid": "group-5", "_id": {"$oid": "5d4065aad9b2a1adf27cbe8d"}, "tried": 0, "grade": 0.0, "username": "mateo.obando", "succeeded": false, "submissionid": null, "taskid": "new-delete"}, {"courseid": "group-5", "tokens": {"amount": 3}, "_id": {"$oid": "5d4429347d66fe825453a393"}, "tried": 3, "grade": 0.0, "username": "andres.cortez", "succeeded": false, "submissionid": {"$oid": "5d45004e8a5de95c6ba097b3"}, "taskid": "new-delete"}, {"courseid": "group-5", "_id": {"$oid": "5d4429427d66fe825453a412"}, "tried": 0, "grade": 0.0, "username": "sebastian.torijano", "succeeded": false, "submissionid": null, "taskid": "new-delete"}, {"courseid": "group-5", "tokens": {"amount": 1}, "_id": {"$oid": "5d4429ac7d66fe825453a69c"}, "tried": 1, "grade": 0.0, "username": "daniel.andres.mora", "succeeded": false, "submissionid": {"$oid": "5d44425e8a5de95c6ba097a3"}, "taskid": "new-delete"}, {"courseid": "group-5", "_id": {"$oid": "5d4429da7d66fe825453a7df"}, "tried": 0, "grade": 0.0, "username": "andres.galvis", "succeeded": false, "submissionid": null, "taskid": "new-delete"}, {"courseid": "group-5", "_id": {"$oid": "5d442a187d66fe825453a82a"}, "tried": 0, "grade": 0.0, "username": "armando.ruiz", "succeeded": false, "submissionid": null, "taskid": "new-delete"}, {"courseid": "group-5", "_id": {"$oid": "5d442c367d66fe825453a9b0"}, "tried": 0, "grade": 0.0, "username": "santiago.barreneche", "succeeded": false, "submissionid": null, "taskid": "new-delete"}, {"courseid": "group-5", "_id": {"$oid": "5d442de87d66fe825453ac99"}, "tried": 0, "grade": 0.0, "username": "gutierrez.santiago", "succeeded": false, "submissionid": null, "taskid": "new-delete"}, {"courseid": "group-5", "_id": {"$oid": "5d4439667d66fe825453b426"}, "tried": 0, "grade": 0.0, "username": "parra.manuel", "succeeded": false, "submissionid": null, "taskid": "new-delete"}, {"courseid": "group-5", "_id": {"$oid": "5d46f4b0663646f8872e67b4"}, "tried": 0, "grade": 0.0, "username": "jenny.hernandez", "succeeded": false, "submissionid": null, "taskid": "new-delete"}, {"courseid": "group-5", "tokens": {"amount": 5}, "_id": {"$oid": "5d26c39d4ecc940eac4429e1"}, "tried": 5, "grade": 100.0, "username": "superadmin", "succeeded": true, "submissionid": {"$oid": "5d31d79995d4deeb10d063dd"}, "taskid": "piramide"}, {"courseid": "group-5", "tokens": {"amount": 11}, "_id": {"$oid": "5d2747844ecc940eac4465ca"}, "tried": 11, "grade": 100.0, "username": "lina.guamanga", "succeeded": true, "submissionid": {"$oid": "5d31b58d95d4deeb10d06166"}, "taskid": "piramide"}, {"courseid": "group-5", "tokens": {"amount": 3}, "_id": {"$oid": "5d27c4664ecc940eac44a767"}, "tried": 3, "grade": 100.0, "username": "kevin.david.rodriguez", "succeeded": true, "submissionid": {"$oid": "5d29473bc8856b7267bef3b4"}, "taskid": "piramide"}, {"courseid": "group-5", "tokens": {"amount": 7}, "_id": {"$oid": "5d27f13c4ecc940eac44cb8a"}, "tried": 7, "grade": 100.0, "username": "daniel.andres.mora", "succeeded": true, "submissionid": {"$oid": "5d31d9ae95d4deeb10d06423"}, "taskid": "piramide"}, {"courseid": "group-5", "tokens": {"amount": 1}, "_id": {"$oid": "5d2810c64ecc940eac44e97a"}, "tried": 1, "grade": 100.0, "username": "salamanca.julian", "succeeded": true, "submissionid": {"$oid": "5d294c7fc8856b7267bef3be"}, "taskid": "piramide"}, {"courseid": "group-5", "tokens": {"amount": 7}, "_id": {"$oid": "5d28975f4ecc940eac452e42"}, "tried": 7, "grade": 100.0, "username": "jenny.hernandez", "succeeded": true, "submissionid": {"$oid": "5d31c1a295d4deeb10d062ce"}, "taskid": "piramide"}, {"courseid": "group-5", "tokens": {"amount": 3}, "_id": {"$oid": "5d28aca44ecc940eac4544ef"}, "tried": 3, "grade": 100.0, "username": "kelly.caranguay", "succeeded": true, "submissionid": {"$oid": "5d2bee1fc8856b7267bef4c7"}, "taskid": "piramide"}, {"courseid": "group-5", "tokens": {"amount": 4}, "_id": {"$oid": "5d28b7e64ecc940eac45524b"}, "tried": 4, "grade": 100.0, "username": "santiago.barreneche", "succeeded": true, "submissionid": {"$oid": "5d31c37095d4deeb10d062f1"}, "taskid": "piramide"}, {"courseid": "group-5", "tokens": {"amount": 2}, "_id": {"$oid": "5d28c2354ecc940eac455b30"}, "tried": 2, "grade": 100.0, "username": "mateo.obando", "succeeded": true, "submissionid": {"$oid": "5d31b61f95d4deeb10d0617a"}, "taskid": "piramide"}, {"courseid": "group-5", "tokens": {"amount": 2}, "_id": {"$oid": "5d2a35dd4ecc940eac461425"}, "tried": 2, "grade": 100.0, "username": "parra.manuel", "succeeded": true, "submissionid": {"$oid": "5d31ef0395d4deeb10d0648f"}, "taskid": "piramide"}, {"courseid": "group-5", "tokens": {"amount": 4}, "_id": {"$oid": "5d2cef4d4ecc940eac47572e"}, "tried": 4, "grade": 100.0, "username": "andres.cortez", "succeeded": true, "submissionid": {"$oid": "5d2d02dcc8856b7267bef4fe"}, "taskid": "piramide"}, {"courseid": "group-5", "tokens": {"amount": 3}, "_id": {"$oid": "5d2d0ee24ecc940eac476f2d"}, "tried": 3, "grade": 100.0, "username": "armando.ruiz", "succeeded": true, "submissionid": {"$oid": "5d31b88795d4deeb10d061c5"}, "taskid": "piramide"}, {"courseid": "group-5", "tokens": {"amount": 9}, "_id": {"$oid": "5d2d13714ecc940eac477303"}, "tried": 9, "grade": 100.0, "username": "edwinleonardo66", "succeeded": true, "submissionid": {"$oid": "5d3e652d95d4deeb10d06535"}, "taskid": "piramide"}, {"grade": 100.0, "tokens": {"amount": 2}, "_id": {"$oid": "5d31b9a24ecc940eac4a7da3"}, "taskid": "piramide", "courseid": "group-5", "username": "sebastian.torijano", "succeeded": true, "tried": 2, "submissionid": {"$oid": "5d31cb6595d4deeb10d06355"}}, {"grade": 100.0, "tokens": {"amount": 1}, "_id": {"$oid": "5d31bf974ecc940eac4a943b"}, "taskid": "piramide", "courseid": "group-5", "username": "andres.galvis", "succeeded": true, "tried": 1, "submissionid": {"$oid": "5d31d82595d4deeb10d063f4"}}, {"grade": 0.0, "_id": {"$oid": "5d31cee44ecc940eac4ac069"}, "taskid": "piramide", "courseid": "group-5", "username": "gutierrez.santiago", "succeeded": false, "tried": 0, "submissionid": null}, {"courseid": "group-5", "tokens": {"amount": 113}, "_id": {"$oid": "5d1d0b468f702b7961708622"}, "tried": 113, "grade": 100.0, "username": "superadmin", "succeeded": true, "submissionid": {"$oid": "5d1e296ba93064f260af44a1"}, "taskid": "pirulum"}, {"courseid": "group-5", "tokens": {"amount": 3}, "_id": {"$oid": "5d1f3d858f702b796171bb0e"}, "tried": 3, "grade": 100.0, "username": "andres.cortez", "succeeded": true, "submissionid": {"$oid": "5d1f505aa93064f260af4584"}, "taskid": "pirulum"}, {"courseid": "group-5", "tokens": {"amount": 7}, "_id": {"$oid": "5d1f3d908f702b796171bb86"}, "tried": 7, "grade": 100.0, "username": "mateo.obando", "succeeded": true, "submissionid": {"$oid": "5d1f5774a93064f260af45f5"}, "taskid": "pirulum"}, {"courseid": "group-5", "tokens": {"amount": 4}, "_id": {"$oid": "5d1f3de28f702b796171bd31"}, "tried": 4, "grade": 100.0, "username": "salamanca.julian", "succeeded": true, "submissionid": {"$oid": "5d1f5409a93064f260af45bb"}, "taskid": "pirulum"}, {"courseid": "group-5", "tokens": {"amount": 2}, "_id": {"$oid": "5d1f3ded8f702b796171bd7e"}, "tried": 2, "grade": 100.0, "username": "kevin.david.rodriguez", "succeeded": true, "submissionid": {"$oid": "5d1f5632a93064f260af45d4"}, "taskid": "pirulum"}, {"courseid": "group-5", "tokens": {"amount": 1}, "_id": {"$oid": "5d1f3e108f702b796171be58"}, "tried": 1, "grade": 100.0, "username": "daniel.andres.mora", "succeeded": true, "submissionid": {"$oid": "5d1f5190a93064f260af459b"}, "taskid": "pirulum"}, {"courseid": "group-5", "tokens": {"amount": 2}, "_id": {"$oid": "5d1f42288f702b796171c23d"}, "tried": 2, "grade": 100.0, "username": "armando.ruiz", "succeeded": true, "submissionid": {"$oid": "5d1f4ad4a93064f260af4534"}, "taskid": "pirulum"}, {"courseid": "group-5", "tokens": {"amount": 2}, "_id": {"$oid": "5d1f43a68f702b796171c551"}, "tried": 2, "grade": 100.0, "username": "santiago.barreneche", "succeeded": true, "submissionid": {"$oid": "5d1f4d29a93064f260af4552"}, "taskid": "pirulum"}, {"courseid": "group-5", "tokens": {"amount": 1}, "_id": {"$oid": "5d1f43ac8f702b796171c5b3"}, "tried": 1, "grade": 0.0, "username": "jenny.hernandez", "succeeded": false, "submissionid": {"$oid": "5d1f5850a93064f260af4604"}, "taskid": "pirulum"}, {"courseid": "group-5", "tokens": {"amount": 3}, "_id": {"$oid": "5d1f43c98f702b796171c64b"}, "tried": 3, "grade": 100.0, "username": "gutierrez.santiago", "succeeded": true, "submissionid": {"$oid": "5d1f4f34a93064f260af4570"}, "taskid": "pirulum"}, {"courseid": "group-5", "tokens": {"amount": 8}, "_id": {"$oid": "5d1f43e68f702b796171c6e1"}, "tried": 8, "grade": 100.0, "username": "parra.manuel", "succeeded": true, "submissionid": {"$oid": "5d1f4db3a93064f260af455c"}, "taskid": "pirulum"}, {"courseid": "group-5", "tokens": {"amount": 1}, "_id": {"$oid": "5d1f44c58f702b796171c823"}, "tried": 1, "grade": 100.0, "username": "lasso.julian", "succeeded": true, "submissionid": {"$oid": "5d1f503ba93064f260af457a"}, "taskid": "pirulum"}, {"courseid": "group-5", "tokens": {"amount": 1}, "_id": {"$oid": "5d1f45068f702b796171c8e3"}, "tried": 1, "grade": 0.0, "username": "sebastian.torijano", "succeeded": false, "submissionid": {"$oid": "5d1f58dca93064f260af4609"}, "taskid": "pirulum"}, {"courseid": "group-5", "tokens": {"amount": 4}, "_id": {"$oid": "5d1f450d8f702b796171c912"}, "tried": 4, "grade": 100.0, "username": "andres.galvis", "succeeded": true, "submissionid": {"$oid": "5d1f5190a93064f260af4598"}, "taskid": "pirulum"}, {"courseid": "group-5", "tokens": {"amount": 2}, "_id": {"$oid": "5d1f455e8f702b796171ca56"}, "tried": 2, "grade": 0.0, "username": "edwinleonardo66", "succeeded": false, "submissionid": {"$oid": "5d1f584da93064f260af45ff"}, "taskid": "pirulum"}, {"courseid": "group-5", "_id": {"$oid": "5d1f45be8f702b796171cb9e"}, "tried": 0, "grade": 0.0, "username": "dorian.ochoa", "succeeded": false, "submissionid": null, "taskid": "pirulum"}, {"courseid": "group-5", "tokens": {"amount": 3}, "_id": {"$oid": "5d1f47148f702b796171cd50"}, "tried": 3, "grade": 100.0, "username": "kelly.caranguay", "succeeded": true, "submissionid": {"$oid": "5d1f5643a93064f260af45de"}, "taskid": "pirulum"}, {"courseid": "group-5", "tokens": {"amount": 3}, "_id": {"$oid": "5d1f47268f702b796171cd83"}, "tried": 3, "grade": 0.0, "username": "vasquez.jhon", "succeeded": false, "submissionid": {"$oid": "5d1f546da93064f260af45c5"}, "taskid": "pirulum"}, {"courseid": "group-5", "tokens": {"amount": 1}, "_id": {"$oid": "5d2626954ecc940eac43d137"}, "tried": 1, "grade": 66.67, "username": "superadmin", "succeeded": false, "submissionid": {"$oid": "5d2626a9c8856b7267bef18f"}, "taskid": "vector"}, {"courseid": "group-5", "tokens": {"amount": 2}, "_id": {"$oid": "5d2677094ecc940eac440504"}, "tried": 2, "grade": 100.0, "username": "sebastian.torijano", "succeeded": true, "submissionid": {"$oid": "5d31b8a295d4deeb10d061cf"}, "taskid": "vector"}, {"courseid": "group-5", "tokens": {"amount": 2}, "_id": {"$oid": "5d270ee34ecc940eac444bcf"}, "tried": 2, "grade": 100.0, "username": "lina.guamanga", "succeeded": true, "submissionid": {"$oid": "5d2a4037c8856b7267bef44f"}, "taskid": "vector"}, {"courseid": "group-5", "tokens": {"amount": 2}, "_id": {"$oid": "5d27f97f4ecc940eac44d85b"}, "tried": 2, "grade": 100.0, "username": "daniel.andres.mora", "succeeded": true, "submissionid": {"$oid": "5d295111c8856b7267bef3dc"}, "taskid": "vector"}, {"courseid": "group-5", "tokens": {"amount": 1}, "_id": {"$oid": "5d288b5d4ecc940eac452140"}, "tried": 1, "grade": 100.0, "username": "kevin.david.rodriguez", "succeeded": true, "submissionid": {"$oid": "5d289742c8856b7267bef2ab"}, "taskid": "vector"}, {"courseid": "group-5", "tokens": {"amount": 3}, "_id": {"$oid": "5d2897e94ecc940eac452f91"}, "tried": 3, "grade": 100.0, "username": "jenny.hernandez", "succeeded": true, "submissionid": {"$oid": "5d31b7a495d4deeb10d061a7"}, "taskid": "vector"}, {"courseid": "group-5", "tokens": {"amount": 1}, "_id": {"$oid": "5d28a5dc4ecc940eac453c42"}, "tried": 1, "grade": 100.0, "username": "santiago.barreneche", "succeeded": true, "submissionid": {"$oid": "5d28c9cec8856b7267bef369"}, "taskid": "vector"}, {"courseid": "group-5", "tokens": {"amount": 2}, "_id": {"$oid": "5d28a88f4ecc940eac4540f0"}, "tried": 2, "grade": 100.0, "username": "salamanca.julian", "succeeded": true, "submissionid": {"$oid": "5d28b327c8856b7267bef328"}, "taskid": "vector"}, {"courseid": "group-5", "tokens": {"amount": 3}, "_id": {"$oid": "5d28acd14ecc940eac4545c9"}, "tried": 3, "grade": 100.0, "username": "kelly.caranguay", "succeeded": true, "submissionid": {"$oid": "5d2c0c15c8856b7267bef4d6"}, "taskid": "vector"}, {"courseid": "group-5", "_id": {"$oid": "5d2d130a4ecc940eac4772a6"}, "tried": 0, "grade": 0.0, "username": "andres.cortez", "succeeded": false, "submissionid": null, "taskid": "vector"}, {"courseid": "group-5", "tokens": {"amount": 1}, "_id": {"$oid": "5d2d4c594ecc940eac479088"}, "tried": 1, "grade": 100.0, "username": "gutierrez.santiago", "succeeded": true, "submissionid": {"$oid": "5d31bb7195d4deeb10d06210"}, "taskid": "vector"}, {"courseid": "group-5", "tokens": {"amount": 1}, "_id": {"$oid": "5d312e774ecc940eac4a128a"}, "tried": 1, "grade": 100.0, "username": "edwinleonardo66", "succeeded": true, "submissionid": {"$oid": "5d31e57c95d4deeb10d0646c"}, "taskid": "vector"}, {"grade": 100.0, "tokens": {"amount": 2}, "_id": {"$oid": "5d31b9a34ecc940eac4a7dd5"}, "taskid": "vector", "courseid": "group-5", "username": "vasquez.jhon", "succeeded": true, "tried": 2, "submissionid": {"$oid": "5d31bcc295d4deeb10d06229"}}, {"grade": 0.0, "_id": {"$oid": "5d31c3744ecc940eac4a9ff0"}, "taskid": "vector", "courseid": "group-5", "username": "mateo.obando", "succeeded": false, "tried": 0, "submissionid": null}, {"grade": 0.0, "_id": {"$oid": "5d31d1d64ecc940eac4aca77"}, "taskid": "vector", "courseid": "group-5", "username": "andres.galvis", "succeeded": false, "tried": 0, "submissionid": null}, {"grade": 100.0, "tokens": {"amount": 1}, "_id": {"$oid": "5d31d2914ecc940eac4acc7a"}, "taskid": "vector", "courseid": "group-5", "username": "armando.ruiz", "succeeded": true, "tried": 1, "submissionid": {"$oid": "5d31eaa795d4deeb10d06485"}}, {"grade": 100.0, "tokens": {"amount": 1}, "_id": {"$oid": "5d34df624ecc940eac4c3789"}, "taskid": "vector", "courseid": "group-5", "username": "parra.manuel", "succeeded": true, "tried": 1, "submissionid": {"$oid": "5d4056718a5de95c6ba09798"}}, {"courseid": "group-5", "tokens": {"amount": 3}, "_id": {"$oid": "5d45d5e97d66fe825454bea5"}, "tried": 3, "grade": 100.0, "username": "lasso.julian", "succeeded": true, "submissionid": {"$oid": "5d476aa3af1635ab1d1c76db"}, "taskid": "vector"}, {"courseid": "group-5", "tokens": {"amount": 8}, "_id": {"$oid": "5d262d694ecc940eac43d60e"}, "tried": 8, "grade": 0.0, "username": "superadmin", "succeeded": false, "submissionid": {"$oid": "5d262e8cc8856b7267bef1a9"}, "taskid": "vectorepro"}, {"courseid": "group-5", "_id": {"$oid": "5d15a0059d5e0a9bc9f6b871"}, "tried": 0, "grade": 0.0, "username": "superadmin", "taskid": "warmup", "succeeded": false, "submissionid": null}, {"courseid": "group-5", "succeeded": true, "_id": {"$oid": "5d160365d0a2c50bfcddeb2d"}, "tried": 3, "grade": 100.0, "username": "kevin.david.rodriguez", "taskid": "warmup", "tokens": {"amount": 3}, "submissionid": {"$oid": "5d16104a3ed93c61671ac8ac"}}, {"courseid": "group-5", "succeeded": true, "_id": {"$oid": "5d16038ed0a2c50bfcddec58"}, "tried": 6, "grade": 100.0, "username": "andres.galvis", "taskid": "warmup", "tokens": {"amount": 6}, "submissionid": {"$oid": "5d16130f3ed93c61671ac909"}}, {"courseid": "group-5", "succeeded": true, "_id": {"$oid": "5d1603a6d0a2c50bfcdded6e"}, "tried": 3, "grade": 100.0, "username": "armando.ruiz", "taskid": "warmup", "tokens": {"amount": 3}, "submissionid": {"$oid": "5d1612e33ed93c61671ac901"}}, {"courseid": "group-5", "succeeded": true, "_id": {"$oid": "5d1603b5d0a2c50bfcddee29"}, "tried": 10, "grade": 100.0, "username": "santiago.barreneche", "taskid": "warmup", "tokens": {"amount": 10}, "submissionid": {"$oid": "5d16130f3ed93c61671ac906"}}, {"courseid": "group-5", "succeeded": true, "_id": {"$oid": "5d160596d0a2c50bfcddefb9"}, "tried": 4, "grade": 100.0, "username": "lina.guamanga", "taskid": "warmup", "tokens": {"amount": 4}, "submissionid": {"$oid": "5d1611c83ed93c61671ac8ed"}}, {"courseid": "group-5", "succeeded": true, "_id": {"$oid": "5d16059bd0a2c50bfcddf00a"}, "tried": 1, "grade": 100.0, "username": "salamanca.julian", "taskid": "warmup", "tokens": {"amount": 1}, "submissionid": {"$oid": "5d1612a03ed93c61671ac8fc"}}, {"courseid": "group-5", "succeeded": true, "_id": {"$oid": "5d160608d0a2c50bfcddf21d"}, "tried": 3, "grade": 100.0, "username": "daniel.andres.mora", "taskid": "warmup", "tokens": {"amount": 3}, "submissionid": {"$oid": "5d1611203ed93c61671ac8ca"}}, {"courseid": "group-5", "succeeded": true, "_id": {"$oid": "5d160610d0a2c50bfcddf244"}, "tried": 1, "grade": 100.0, "username": "jenny.hernandez", "taskid": "warmup", "tokens": {"amount": 1}, "submissionid": {"$oid": "5d1613613ed93c61671ac910"}}, {"courseid": "group-5", "succeeded": true, "_id": {"$oid": "5d160683d0a2c50bfcddf52c"}, "tried": 1, "grade": 100.0, "username": "parra.manuel", "taskid": "warmup", "tokens": {"amount": 1}, "submissionid": {"$oid": "5d1617833ed93c61671ac947"}}, {"courseid": "group-5", "succeeded": true, "_id": {"$oid": "5d160687d0a2c50bfcddf569"}, "tried": 1, "grade": 100.0, "username": "kelly.caranguay", "taskid": "warmup", "tokens": {"amount": 1}, "submissionid": {"$oid": "5d1617923ed93c61671ac94c"}}, {"courseid": "group-5", "succeeded": true, "_id": {"$oid": "5d1606c5d0a2c50bfcddf725"}, "tried": 2, "grade": 100.0, "username": "mateo.obando", "taskid": "warmup", "tokens": {"amount": 2}, "submissionid": {"$oid": "5d1610aa3ed93c61671ac8c0"}}, {"courseid": "group-5", "succeeded": true, "_id": {"$oid": "5d160865d0a2c50bfcde02d9"}, "tried": 1, "grade": 100.0, "username": "lasso.julian", "taskid": "warmup", "tokens": {"amount": 1}, "submissionid": {"$oid": "5d1612503ed93c61671ac8f7"}}, {"courseid": "group-5", "succeeded": true, "_id": {"$oid": "5d160929d0a2c50bfcde07ea"}, "tried": 1, "grade": 100.0, "username": "sebastian.torijano", "taskid": "warmup", "tokens": {"amount": 1}, "submissionid": {"$oid": "5d1615b73ed93c61671ac929"}}, {"courseid": "group-5", "succeeded": true, "_id": {"$oid": "5d160949d0a2c50bfcde08a4"}, "tried": 1, "grade": 100.0, "username": "gutierrez.santiago", "taskid": "warmup", "tokens": {"amount": 1}, "submissionid": {"$oid": "5d160d983ed93c61671ac86b"}}, {"courseid": "group-5", "_id": {"$oid": "5d160ba10ad14599c9893e04"}, "tried": 0, "grade": 0.0, "username": "carlos.hidalgo", "taskid": "warmup", "succeeded": false, "submissionid": null}, {"courseid": "group-5", "succeeded": true, "_id": {"$oid": "5d160c6a0ad14599c989401f"}, "tried": 3, "grade": 100.0, "username": "edwinleonardo66", "taskid": "warmup", "tokens": {"amount": 3}, "submissionid": {"$oid": "5d1616003ed93c61671ac938"}}, {"courseid": "group-5", "succeeded": true, "_id": {"$oid": "5d160f6d0ad14599c9894723"}, "tried": 2, "grade": 100.0, "username": "andres.cortez", "taskid": "warmup", "tokens": {"amount": 2}, "submissionid": {"$oid": "5d1616ab3ed93c61671ac942"}}, {"courseid": "group-5", "_id": {"$oid": "5d1f45ac8f702b796171cb18"}, "tried": 0, "grade": 0.0, "username": "dorian.ochoa", "succeeded": false, "submissionid": null, "taskid": "warmup"}]